08:08:2023 01:40:35,0.58,29186.99,29194.99,29186.99,29194.99,6.72902,1,-0.005559000000000742,50.0,[-0.04114555],[-7.04667952e-05],,-0.005559000000000742,1.7126220240450916e-05,-0.005600903269832056,11.929518461227417,27.0
08:08:2023 01:41:13,0.58,29194.99,29195.0,29191.71,29191.72,3.5623,1,-0.010931000000000494,49.994441,[-0.04114555],[-7.04668534e-05],SELL,-0.005371999999999752,1.7126246119252764e-05,0.0,33.55023956298828,14.0
08:08:2023 01:41:35,0.58,29194.99,29195.0,29191.71,29194.88,5.34356,1,-0.013378999999998267,49.989069,[-0.04114555],[-7.04516552e-05],SELL,-0.0024479999999977736,1.712255235600779e-05,0.0,11.913103818893433,22.0
08:08:2023 01:42:06,0.58,29194.87,29196.32,29194.87,29196.32,1.11128,1,-0.013378999999998267,49.986621,[-0.04114555],[-7.04447306e-05],,0.0,1.7120857659227586e-05,0.0,40.628082513809204,60.0
08:08:2023 01:43:28,0.58,29196.32,29196.33,29196.32,29196.33,0.87431,1,-0.013396000000001731,49.986621,[-0.04114555],[-7.04447065e-05],,-1.7000000003463355e-05,0.0,-1.7120863523274034e-05,18.07463002204895,60.0
08:08:2023 01:44:58,0.58,29196.33,29196.33,29193.54,29193.54,5.52935,1,-0.01878499999999876,49.98660399999999,[-0.04114555],[-7.04514148e-05],SELL,-0.005388999999997031,0.004709127810518317,-1.712248218938724e-05,47.971776485443115,121.0
08:08:2023 01:47:42,0.58,29191.99,29198.0,29191.99,29198.0,6.36506,1,-0.01876800000000148,49.981215,[-0.04114555],[-7.04330592e-05],,1.699999999727879e-05,0.004501635596562503,-1.711803277965348e-05,4.592756748199463,62.0
08:08:2023 01:49:07,0.58,29198.0,29198.01,29198.0,29198.0,0.09441,1,-0.018751000000004202,49.981232,[-1.10626055],[-0.0018937],,1.699999999727879e-05,1.7118026876488998e-05,0.0,39.708014488220215,61.0
08:08:2023 01:50:33,0.58,29198.0,29198.01,29198.0,29198.0,5.50361,1,-0.018751000000004202,49.981249,[-1.10626055],[-0.0018937],,0.0,1.71180326988036e-05,0.0,13.518968105316162,60.0
08:08:2023 01:52:00,0.58,29198.0,29198.01,29198.0,29198.01,0.02412,1,-0.0349010000000042,49.981249,[-1.10626055],[-0.0018937],,-0.016149999999999998,0.0,-0.016267423910984152,46.08505058288574,6.0
08:08:2023 01:52:11,0.58,29198.0,29198.01,29188.51,29188.51,7.65569,1,-0.026605000000008653,49.965098999999995,[-1.10626055],[-0.0018937],SELL,0.008295999999995547,0.01029007949935475,-1.711806525653895e-05,35.28466868400574,80.0
08:08:2023 01:54:02,0.58,29183.62,29183.63,29183.62,29183.62,0.19426,1,-0.026605000000008653,49.97339499999999,[-0.04114555],[-7.04567393e-05],,0.0,1.712377624379863e-05,0.0,44.78677296638489,61.0
08:08:2023 01:57:49,0.544,29183.62,29183.63,29181.0,29181.01,3.23542,0,0.005133999999994557,50.0,[0.11547132],[0.00019785],SELL,0.005133999999994557,0.0070089646199807,0.0,21.9178147315979,37.0
08:08:2023 01:58:41,0.544,29181.0,29181.5,29176.92,29181.5,7.092,0,0.0006629999999928256,50.00513399999999,[0.11547132],[0.00019787],,-0.004471000000001731,0.0,-0.004507148577722541,29.776850700378418,8.0
08:08:2023 01:58:55,0.544,29181.0,29181.5,29176.92,29178.88,13.0368,0,-0.0029240000000081636,50.00066299999999,[0.11547132],[0.00019787],SELL,-0.003587000000000989,0.0016793754773296967,0.0,15.368106842041016,39.0
08:08:2023 01:59:49,0.544,29178.87,29180.99,29177.9,29180.99,8.88536,0,0.0030599999999863935,49.997075999999986,[0.11547132],[0.00019784],,0.005983999999994557,0.015055759174610486,0.0003255332525941212,21.264162063598633,431.0
08:08:2023 02:09:22,0.544,29189.78,29189.78,29182.19,29182.19,6.04332,0,0.016999999999981447,50.003059999999984,[0.11547132],[0.00019786],SELL,0.013939999999995052,0.018718191398588834,0.00030842806235809495,48.310627937316895,382.0
08:08:2023 02:17:52,0.544,29172.56,29174.0,29171.27,29173.99,12.40206,0,0.014466999999978726,50.01699999999998,[0.11547132],[0.00019797],,-0.002533000000002721,0.004388576442378674,-0.0025546432427827593,18.445533990859985,142.0
08:08:2023 02:21:05,0.544,29176.54,29176.55,29172.5,29172.5,4.42605,0,0.018733999999976006,50.01446699999998,[0.11547132],[0.00019797],SELL,0.004266999999997278,0.008505062693664129,-1.7144382499824017e-05,5.3720543384552,45.0
08:08:2023 02:22:07,0.544,29167.55,29170.0,29167.54,29170.0,4.88827,0,0.01625199999997749,50.01873399999998,[0.11547132],[0.000198],,-0.0024819999999985158,0.0,-0.0025207831515697983,3.060490846633911,51.0
08:08:2023 02:23:19,0.544,29169.99,29170.0,29168.53,29168.53,2.04094,0,0.01886999999997279,50.01625199999998,[0.11547132],[0.000198],SELL,0.0026179999999952994,0.008660903040376646,-1.714732791226082e-05,51.77018880844116,90.0
08:08:2023 02:25:22,0.544,29163.49,29166.99,29163.48,29166.99,5.87892,0,0.035376999999971306,50.01886999999998,[0.11547132],[0.00019802],,0.016506999999998516,0.01889121113468121,0.0,48.34546422958374,278.0
08:08:2023 02:31:36,0.544,29178.01,29178.01,29176.68,29176.69,5.14859,0,0.03994999999996908,50.035376999999976,[0.11547132],[0.00019802],SELL,0.004572999999997773,0.00823291907380576,-1.714908711752649e-05,34.39235520362854,160.0
08:08:2023 02:35:10,0.544,29171.89,29174.0,29171.89,29173.99,1.57357,0,0.10966699999996636,50.039949999999976,[0.11547132],[0.00019806],,0.06971699999999728,0.07195298122603774,0.008711824811411235,0.3170661926269531,458.0
08:08:2023 02:45:24,0.544,29215.99,29216.0,29214.99,29214.99,6.5996,0,0.10796699999996637,50.10966699999997,[0.11547132],[0.00019806],SELL,-0.0017,0.0022813251441307753,-1.7152033883956484e-05,46.799025774002075,222.0
08:08:2023 02:50:21,0.544,29213.67,29215.99,29213.66,29215.98,8.32397,0,0.10517899999996735,50.107966999999974,[0.11547132],[0.00019804],,-0.0027879999999990105,1.7150870810884146e-05,-0.002812901673629142,49.80353569984436,45.0
08:08:2023 02:51:22,0.544,29215.99,29215.99,29214.34,29214.34,19.80787,0,0.11939099999996834,50.10517899999997,[0.11547132],[0.00019804],SELL,0.01421200000000099,0.017637316185487268,-1.71508792740484e-05,48.30209541320801,72.0
08:08:2023 02:53:01,0.544,29205.98,29205.99,29205.98,29205.98,0.02923,0,0.11939099999996834,50.11939099999997,[0.11547132],[0.00019816],,0.0,1.716065471850488e-05,0.0,9.861983299255371,60.0
08:08:2023 02:55:00,0.544,29205.99,29205.99,29205.98,29205.99,0.02121,0,0.1304749999999629,50.11939099999997,[0.11547132],[0.00019816],,0.011083999999994557,0.012729971654110639,-1.716066059423811e-05,10.561266660690308,183.0
08:08:2023 02:59:07,0.544,29213.15,29213.15,29212.5,29212.5,1.42924,0,0.12795899999996363,50.13047499999997,[0.11547132],[0.00019816],SELL,-0.0025159999999992575,0.002488414101856538,-1.716061885540665e-05,2.988799571990967,73.0
08:08:2023 03:00:48,0.544,29211.06,29213.99,29211.05,29213.98,17.1002,0,0.10871499999996412,50.12795899999997,[0.11547132],[0.00019814],,-0.019243999999999505,1.715888826216904e-05,-0.006401084792837378,22.30728769302368,10.0
08:08:2023 03:01:05,0.544,29213.99,29213.99,29200.27,29200.27,24.19329,0,0.09560799999996561,50.10871499999997,[0.11547132],[0.00019815],SELL,-0.013106999999998516,0.00025740672470088866,0.00025740672470088866,5.632574558258057,8.0
08:08:2023 03:01:18,0.544,29213.99,29213.99,29200.12,29210.03,41.74942,0,0.09225899999996363,50.09560799999997,[0.11547132],[0.00019803],SELL,-0.003349000000001979,-inf,inf,52.5680775642395,1.0
08:08:2023 03:01:22,0.544,29213.99,29213.99,29200.12,29212.0,43.59358,0,0.08887599999996092,50.09225899999997,[0.11547132],[0.00019801],SELL,-0.003383000000002721,0.003429802054091063,0.0,48.70741152763367,15.0
08:08:2023 03:01:44,0.544,29213.99,29213.99,29200.12,29213.98,53.03905,0,0.08885899999995746,50.08887599999997,[0.11547132],[0.00019798],SELL,-1.7000000003463355e-05,0.0,-1.7145510082739267e-05,26.50073766708374,60.0
08:08:2023 03:03:08,0.544,29213.98,29215.45,29213.98,29215.45,2.78548,0,0.08469399999995622,50.088858999999964,[0.11547132],[0.00019797],,-0.004165000000001236,0.007799599878506619,-0.004200790899600738,2.364307165145874,47.0
08:08:2023 03:04:14,0.544,29219.99,29220.0,29213.0,29213.01,6.19132,0,0.0796109999999535,50.08469399999996,[0.11547132],[0.00019797],SELL,-0.005083000000002721,1.7144659566625424e-05,0.0,56.18044853210449,36.0
08:08:2023 03:05:05,0.544,29213.01,29216.0,29213.0,29216.0,2.7909,0,0.09326199999995152,50.07961099999996,[0.11547132],[0.00019793],,0.01365099999999802,0.021451538761457008,-1.7141165160579414e-05,5.515275001525879,218.0
08:08:2023 03:09:58,0.544,29226.74,29228.52,29224.0,29224.0,19.98748,0,0.1098539999999488,50.09326199999995,[0.11547132],[0.00019793],SELL,0.01659199999999728,0.023339958686618992,-1.7141132237492895e-05,12.5619215965271,37.0
08:08:2023 03:10:50,0.544,29224.0,29224.01,29210.39,29214.25,18.66822,0,0.10738899999994757,50.10985399999995,[0.11547132],[0.00019806],SELL,-0.0024650000000012366,1.7152544099034858e-05,0.0,20.4451961517334,8.0
08:08:2023 03:11:04,0.544,29214.25,29215.7,29214.24,29215.7,0.31392,0,0.11505599999994484,50.10738899999995,[0.11547132],[0.00019804],,0.007666999999997278,0.010271249202558019,-1.715084908492942e-05,6.881200551986694,54.0
08:08:2023 03:12:20,0.544,29215.7,29221.69,29215.69,29218.01,13.99022,0,0.11384899999994633,50.115055999999946,[0.11547132],[0.00019806],,-0.0012069999999985157,-1.7152117185289197e-05,-0.0012006765578300707,50.056673526763916,3.0
08:08:2023 03:12:27,0.544,29215.7,29221.69,29215.69,29217.3,14.55339,0,0.11332199999995028,50.113848999999945,[0.11547132],[0.00019806],,-0.0005269999999960418,-0.00041165414178900584,-0.00041165414178900584,43.055413484573364,1.0
08:08:2023 03:12:32,0.544,29215.7,29221.69,29215.69,29216.29,14.79296,0,0.11284599999994607,50.11332199999995,[0.11547132],[0.00019806],,-0.0004760000000042055,-0.0004974282372687479,-0.0004974282372687479,38.49129295349121,1.0
08:08:2023 03:12:36,0.544,29215.7,29221.69,29215.69,29216.01,14.80378,0,0.10956499999995176,50.11284599999994,[0.11547132],[0.00019806],,-0.00328099999999431,0.0,-0.0033106568058905894,34.02187418937683,12.0
08:08:2023 03:12:55,0.544,29215.7,29221.69,29214.08,29214.08,18.8599,0,0.11920399999995497,50.10956499999995,[0.11547132],[0.00019806],SELL,0.009639000000003216,0.024162420383564615,0.0,15.221261739730835,321.0
08:08:2023 03:20:03,0.544,29200.01,29208.41,29200.0,29208.4,10.3514,0,0.11922099999995225,50.11920399999995,[0.11547132],[0.00019814],,1.699999999727879e-05,1.7159168880461935e-05,0.0,7.21245265007019,62.0
08:08:2023 03:21:33,0.544,29208.41,29208.41,29204.0,29204.76,3.0077,0,0.1239299999999468,50.119220999999946,[0.11547132],[0.00019816],SELL,0.004708999999994557,0.008170119587668476,-1.7161313377989476e-05,37.19648861885071,100.0
08:08:2023 03:23:49,0.544,29200.0,29202.0,29200.0,29202.0,15.36915,0,0.1205299999999468,50.12392999999994,[0.11547132],[0.0001982],,-0.0034,0.0,-0.003415978991105829,21.767207860946655,32.0
08:08:2023 03:24:35,0.544,29201.99,29202.0,29200.0,29200.01,8.16546,0,0.11813299999994706,50.12052999999994,[0.11547132],[0.0001982],SELL,-0.0023969999999997526,1.7164565065745582e-05,0.0,35.23920130729675,31.0
08:08:2023 03:25:19,0.544,29200.0,29201.43,29200.0,29201.43,0.77987,0,0.11582099999994606,50.118132999999936,[0.11547132],[0.00019818],,-0.0023120000000009895,0.0,-0.0023342636123827474,51.16354513168335,43.0
08:08:2023 03:26:20,0.544,29201.43,29201.43,29200.07,29200.07,1.4384,0,0.11582099999994606,50.11582099999993,[0.11547132],[0.00019818],SELL,-0.0,0.0,-1.716290537909823e-05,50.1035590171814,60.0
08:08:2023 03:27:44,0.544,29200.07,29200.08,29200.07,29200.08,16.67798,0,0.1156849999999431,50.11582099999993,[0.11547132],[0.00019818],,-0.00013600000000296857,0.0,-0.00012014062564251621,26.477758646011353,30.0
08:08:2023 03:29:09,0.536,29193.92,29193.92,29193.91,29193.92,0.25455,0,0.1181669999999478,50.11568499999993,[0.11547132],[0.00019822],,0.0024820000000047,0.00605903488318753,-1.7166486089728254e-05,1.27345609664917,192.0
08:08:2023 03:33:28,0.536,29197.45,29197.45,29195.38,29195.38,2.53806,0,0.1281799999999468,50.118166999999936,[0.2027587],[0.00034807],SELL,0.01001299999999901,0.013788469354364938,0.0,42.28014898300171,160.0
08:08:2023 03:37:02,0.536,29187.36,29189.49,29187.35,29189.49,4.06568,0,0.13630599999994483,50.12817999999994,[0.2027587],[0.0003482],,0.00812599999999802,0.013666272664220873,-1.7173372053977114e-05,7.9908246994018555,277.0
08:08:2023 03:43:15,0.536,29197.45,29197.45,29194.19,29194.19,6.54824,0,0.13718999999994558,50.136305999999934,[0.2027587],[0.00034821],SELL,0.000884000000000742,0.005667857670662433,-1.7173378962332946e-05,55.79361414909363,95.0
08:08:2023 03:45:24,0.536,29190.9,29193.68,29190.89,29193.68,6.84664,0,0.13533699999994533,50.13718999999993,[0.2027587],[0.00034822],,-0.0018530000000002472,0.0,-0.0018892098266041222,46.70376372337341,11.0
08:08:2023 03:45:43,0.536,29190.9,29193.68,29190.89,29192.58,15.06227,0,0.17737799999994458,50.135336999999936,[0.2027587],[0.00034822],,0.04204099999999925,0.04632695264613653,0.0,27.62195110321045,244.0
08:08:2023 03:51:11,0.536,29206.59,29219.58,29206.58,29217.31,21.28985,0,0.17265199999994038,50.17737799999993,[0.2027587],[0.00034821],,-0.004726000000004205,1.7173846879853452e-05,-0.004757608268349312,59.47473621368408,6.0
08:08:2023 03:51:22,0.536,29206.59,29219.58,29206.58,29214.54,24.71374,0,0.16948999999993938,50.17265199999993,[0.2027587],[0.00034822],,-0.0031620000000009895,0.0,-0.0005667438948404762,48.51925492286682,26.0
08:08:2023 03:52:00,0.536,29212.67,29212.68,29212.67,29212.67,0.05016,0,0.16836799999993962,50.169489999999925,[0.2027587],[0.00034822],,-0.0011219999999997525,-0.0011335017138496342,-0.0011335017138496342,10.168508529663086,1.0
08:08:2023 03:52:05,0.536,29212.67,29212.68,29212.01,29212.01,0.19992,0,0.16566499999993936,50.16836799999992,[0.2027587],[0.00034822],SELL,-0.0027030000000002473,0.00048087336970256727,-1.717387842751736e-05,5.619426488876343,81.0
08:08:2023 03:53:57,0.536,29211.74,29213.6,29211.73,29213.6,5.19382,0,0.2077229999999421,50.165664999999926,[0.2027587],[0.00034818],,0.04205800000000272,0.04956096631477521,-1.7172030206479195e-05,13.345040559768677,95.0
08:08:2023 03:56:07,0.536,29223.99,29242.49,29223.99,29236.28,11.82092,0,0.2040679999999458,50.20772299999993,[0.2027587],[0.0003482],,-0.0036549999999962893,-1.717309458147812e-05,-0.0036753100046716144,3.4919049739837646,6.0
08:08:2023 03:56:18,0.536,29223.99,29242.49,29223.99,29234.13,13.87688,0,0.20197699999994653,50.204067999999936,[0.2027587],[0.0003482],,-0.002090999999999258,1.7173095562915044e-05,-0.0015971492426424254,52.48948693275452,6.0
08:08:2023 03:56:29,0.536,29223.99,29242.49,29223.99,29232.83,18.1297,0,0.20058299999994084,50.201976999999935,[0.2027587],[0.0003482],,-0.0013940000000056897,-0.0014082377893332675,-0.0014082377893332675,41.62802267074585,1.0
08:08:2023 03:56:33,0.536,29223.99,29242.49,29223.99,29232.01,19.35665,0,0.22531799999994578,50.20058299999993,[0.2027587],[0.0003482],,0.024735000000004947,0.02914308833707282,-1.717316057470042e-05,37.12699508666992,77.0
08:08:2023 03:58:20,0.536,29244.99,29249.0,29244.99,29246.57,14.16742,0,0.23964899999994627,50.22531799999994,[0.2027587],[0.0003482],,0.014331000000000494,0.02322440977781828,-1.7173068556425205e-05,50.39942932128906,124.0
08:08:2023 04:01:08,0.536,29260.0,29260.01,29255.0,29255.0,15.51686,0,0.26511499999994553,50.239648999999936,[0.2027587],[0.0003482],SELL,0.025465999999999257,0.027474664412717103,0.0016830116346395472,2.8986191749572754,64.0
08:08:2023 04:02:34,0.536,29239.02,29240.02,29239.01,29240.02,12.7646,0,0.26168099999994476,50.26511499999994,[0.2027587],[0.00034855],,-0.003434000000000742,0.003403492500512206,-0.003283603818782834,36.27938199043274,23.0
08:08:2023 04:03:07,0.536,29240.02,29240.02,29238.0,29238.01,0.83743,0,0.2641459999999398,50.26168099999994,[0.2027587],[0.00034855],SELL,0.0024649999999950523,0.01033363104850572,1.719053320745417e-05,3.023047924041748,63.0
08:08:2023 04:04:33,0.536,29232.0,29236.56,29232.0,29236.56,6.29625,0,0.2564109999999349,50.26414599999993,[0.2027587],[0.00034859],,-0.007735000000004947,0.0011518525462197405,-0.002664935852600912,37.85504221916199,25.0
08:08:2023 04:05:09,0.536,29237.22,29237.23,29232.01,29232.01,5.56173,0,0.24962799999993215,50.25641099999993,[0.2027587],[0.00034859],SELL,-0.006783000000002721,1.7192258823192165e-05,0.0,1.769728183746338,10.0
08:08:2023 04:05:25,0.536,29237.22,29237.23,29232.0,29236.0,9.93969,0,0.2928929999999334,50.24962799999992,[0.2027587],[0.00034849],SELL,0.04326500000000123,0.04770642644839889,0.0,45.81358242034912,129.0
08:08:2023 04:08:17,0.536,29212.02,29212.02,29208.27,29210.55,4.39542,0,0.30744499999992947,50.29289299999992,[0.2027587],[0.0003491],SELL,0.01455199999999604,0.017085436121066958,0.002031732068853746,53.4088819026947,55.0
08:08:2023 04:09:33,0.536,29206.0,29206.01,29200.63,29201.99,4.48968,0,0.31643799999993094,50.307444999999916,[0.2027587],[0.0003493],SELL,0.008993000000001484,0.01881936151706992,-1.7227397093331673e-05,37.78499221801758,26.0
08:08:2023 04:10:10,0.536,29198.49,29198.49,29191.07,29196.69,17.76413,0,0.31477199999993166,50.31643799999992,[0.2027587],[0.00034943],SELL,-0.0016659999999992577,0.0028264708681769884,-1.7233604486209307e-05,0.9028499126434326,69.0
08:08:2023 04:11:42,0.536,29196.7,29197.67,29195.05,29197.67,6.78371,0,0.31033499999993686,50.31477199999992,[0.2027587],[0.0003494],,-0.0044369999999948045,0.0,-0.004498074500269773,28.270545482635498,34.0
08:08:2023 04:12:29,0.536,29197.66,29197.67,29195.06,29195.06,2.44127,0,0.31579199999994156,50.310334999999924,[0.2027587],[0.0003494],SELL,0.0054570000000047,0.010876046896494896,0.0,40.996819257736206,54.0
08:08:2023 04:13:43,0.536,29195.05,29195.06,29188.25,29191.85,7.27501,0,0.3180359999999411,50.31579199999993,[0.2027587],[0.00034948],SELL,0.002243999999999505,0.006636830176782463,0.0,27.73678946495056,59.0
08:08:2023 04:15:03,0.536,29188.01,29190.53,29188.0,29190.53,2.77163,0,0.3133609999999411,50.31803599999993,[0.2027587],[0.00034951],,-0.0046749999999999995,0.0,-0.004361540053444609,7.339064121246338,9.0
08:08:2023 04:15:22,0.536,29188.01,29190.53,29187.78,29187.79,4.30086,0,0.3120859999999411,50.31336099999993,[0.2027587],[0.00034951],SELL,-0.0012749999999999999,0.00922391963626446,0.0,48.78870463371277,86.0
08:08:2023 04:17:18,0.536,29182.45,29188.54,29182.44,29188.53,7.76991,0,0.3349849999999431,50.31208599999993,[0.2027587],[0.00034949],,0.022899000000001977,0.02556661632681455,0.0,52.7317328453064,173.0
08:08:2023 04:21:10,0.536,29203.36,29203.37,29202.0,29202.0,1.88459,0,0.3296979999999421,50.33498499999993,[0.2027587],[0.00034949],SELL,-0.005287000000000989,0.0015341244442410114,-1.7236822051613147e-05,0.4962184429168701,64.0
08:08:2023 04:22:36,0.536,29201.11,29205.11,29201.11,29205.1,6.60954,0,0.3282359999999473,50.32969799999993,[0.2027587],[0.00034942],,-0.001461999999994805,1.7233182141842108e-05,-0.001482097814558644,33.96181297302246,25.0
08:08:2023 04:23:13,0.536,29205.11,29205.11,29204.24,29204.24,7.49764,0,0.34724199999994776,50.32823599999993,[0.2027587],[0.00034942],SELL,0.019006000000000495,0.026656630683438574,-1.7233189002266395e-05,57.45507526397705,141.0
08:08:2023 04:26:22,0.536,29193.17,29193.17,29188.78,29193.05,7.80058,0,0.3783689999999438,50.34724199999993,[0.2027587],[0.00034968],SELL,0.03112699999999604,0.038868676360697615,-1.7246305118496316e-05,48.56239628791809,215.0
08:08:2023 04:31:08,0.536,29171.13,29174.74,29170.53,29174.73,12.01359,0,0.3771279999999445,50.37836899999993,[0.2027587],[0.00035012],,-0.0012409999999992579,1.7267803932533194e-05,-0.0012605816607245478,2.3939688205718994,12.0
08:08:2023 04:31:28,0.536,29171.13,29174.74,29170.53,29174.0,15.56182,0,0.3760059999999448,50.37712799999993,[0.2027587],[0.00035012],,-0.0011219999999997525,1.7267810627313836e-05,-0.0011397016755706623,42.90549874305725,15.0
08:08:2023 04:31:50,0.536,29171.13,29174.74,29170.53,29173.35,23.515,0,0.37576799999994576,50.376005999999926,[0.2027587],[0.00035012],,-0.00023799999999901046,0.0,-0.0002244826172725547,20.37030553817749,7.0
08:08:2023 04:32:28,0.536,29173.22,29173.22,29172.99,29173.0,4.78326,0,0.38809299999994573,50.37576799999993,[0.2027587],[0.00035012],SELL,0.012325,0.025362101597074648,0.0,42.01109075546265,10.0
08:08:2023 04:32:44,0.536,29173.22,29173.22,29158.31,29165.74,27.7048,0,0.37762099999994597,50.38809299999993,[0.2027587],[0.0003503],SELL,-0.010471999999999752,0.0003282550018812368,-1.727646057170971e-05,26.39876651763916,59.0
08:08:2023 04:34:04,0.536,29165.56,29171.9,29165.55,29171.9,7.0998,0,0.3736259999999423,50.37762099999993,[0.2027587],[0.00035015],,-0.003995000000003711,0.0,-0.004041323665492628,6.226931571960449,12.0
08:08:2023 04:34:23,0.536,29165.56,29171.9,29165.55,29169.47,7.90783,0,0.3724699999999418,50.37362599999992,[0.2027587],[0.00035015],,-0.0011560000000004947,-0.0011570695201755042,-0.0011570695201755042,47.07799935340881,1.0
08:08:2023 04:34:28,0.536,29165.56,29171.9,29165.55,29168.79,8.03967,0,0.3711269999999403,50.37246999999992,[0.2027587],[0.00035015],,-0.0013430000000014843,0.0039888933122125166,-0.0013643119617403978,42.667659759521484,37.0
08:08:2023 04:35:19,0.536,29168.8,29171.1,29167.35,29168.0,29.0216,0,0.37619299999993955,50.37112699999992,[0.2027587],[0.00035015],SELL,0.005065999999999258,0.014389445693661393,-1.72693053080882e-05,51.04802894592285,70.0
08:08:2023 04:36:54,0.536,29165.11,29165.11,29159.67,29165.02,9.57627,0,0.38202399999994,50.37619299999992,[0.2027587],[0.00035022],SELL,0.005831000000000495,0.011108867780987151,0.0,16.74961233139038,43.0
08:08:2023 04:37:53,0.536,29165.02,29165.02,29158.59,29161.59,10.28682,0,0.38814399999993754,50.38202399999992,[0.2027587],[0.0003503],SELL,0.006119999999997526,0.014447583360060915,-1.7276838030812857e-05,17.549938440322876,96.0
08:08:2023 04:40:02,0.536,29153.24,29160.01,29153.23,29160.01,8.24683,0,0.41534399999993754,50.38814399999992,[0.2027587],[0.00035036],,0.0272,0.03760748659763924,0.0012441205580264487,8.088868379592896,29.0
08:08:2023 04:40:44,0.536,29153.24,29181.79,29153.23,29176.0,36.3049,0,0.41296399999993505,50.41534399999992,[0.2027587],[0.00035036],,-0.002380000000002474,0.0,-0.002419278468259145,26.08305597305298,6.0
08:08:2023 04:40:55,0.536,29153.24,29181.79,29153.23,29174.61,37.1006,0,0.4085269999999341,50.41296399999992,[0.2027587],[0.00035036],,-0.00443700000000099,-1.727974471295935e-05,-0.004510415331140448,15.347347497940063,6.0
08:08:2023 04:41:06,0.536,29174.61,29174.61,29172.0,29172.0,2.59909,0,0.4216169999999353,50.408526999999914,[0.2027587],[0.00035036],SELL,0.013090000000001236,0.02074424979423865,0.0,4.611607074737549,120.0
08:08:2023 04:43:47,0.536,29160.0,29164.67,29160.0,29164.66,9.3511,0,0.418199999999938,50.42161699999991,[0.2027587],[0.00035054],,-0.0034169999999972786,1.7288595067912265e-05,-0.0034752483114504035,23.28523015975952,6.0
08:08:2023 04:43:58,0.536,29160.0,29164.67,29160.0,29162.65,14.20744,0,0.4152079999999346,50.41819999999991,[0.2027587],[0.00035054],,-0.0029920000000034632,1.7288614958967878e-05,-0.0030602716378937073,12.360404253005981,4.0
08:08:2023 04:44:07,0.536,29162.66,29162.66,29160.88,29160.88,0.43411,0,0.4133209999999336,50.41520799999991,[0.2027587],[0.00035054],SELL,-0.0018870000000009894,0.0,-1.7288638306968646e-05,3.202367067337036,48.0
08:08:2023 04:45:15,0.536,29160.89,29162.0,29160.88,29162.0,2.98425,0,0.4133209999999336,50.413320999999904,[0.2027587],[0.00035052],,0.0,0.0,-1.728733909857667e-05,55.918107986450195,60.0
08:08:2023 04:47:11,0.536,29161.99,29162.0,29161.99,29162.0,0.6848,0,0.4133209999999336,50.413320999999904,[0.2027587],[0.00035052],,0.0,0.0,-1.728733909857667e-05,59.87735557556152,60.0
08:08:2023 04:48:39,0.536,29162.0,29162.0,29161.99,29161.99,1.37699,0,0.4133209999999336,50.413320999999904,[0.2027587],[0.00035052],SELL,-0.0,0.0,-1.7287333170540495e-05,30.922224760055542,60.0
08:08:2023 04:50:19,0.536,29161.99,29162.0,29161.99,29162.0,2.6454,0,0.4133209999999336,50.413320999999904,[0.2027587],[0.00035052],,0.0,0.0,-1.728733909857667e-05,51.07573223114014,60.0
08:08:2023 04:51:43,0.536,29161.99,29162.0,29161.99,29162.0,0.5953,0,0.41240299999993213,50.413320999999904,[0.2027587],[0.00035052],,-0.0009180000000014843,0.0,-0.0009335332778277893,27.17300510406494,21.0
08:08:2023 04:52:14,0.536,29162.0,29162.0,29161.46,29161.47,4.53516,0,0.4147999999999319,50.412402999999905,[0.2027587],[0.00035052],SELL,0.0023969999999997526,0.008662441840679639,0.0,56.60480856895447,127.0
08:08:2023 04:55:03,0.536,29160.07,29160.07,29160.06,29160.07,0.05784,0,0.4224159999999311,50.41479999999991,[0.2027587],[0.00035055],SELL,0.007615999999999257,0.008784334482704475,1.728899048627813e-05,7.635417461395264,132.0
08:08:2023 04:58:00,0.536,29155.6,29155.6,29155.59,29155.59,0.03579,0,0.4287739999999338,50.422415999999906,[0.2027587],[0.00035066],SELL,0.006358000000002721,0.014202581342129384,-1.7294247414537426e-05,10.070187330245972,73.0
08:08:2023 05:00:15,0.552,29151.85,29151.86,29149.02,29150.39,5.94839,0,0.42139599999993355,50.42877399999991,[0.2027587],[0.00035076],SELL,-0.007378000000000247,0.0,0.0,55.145946741104126,3.0
08:08:2023 05:00:22,0.552,29151.85,29154.77,29149.02,29154.74,10.31628,0,0.4133379999999308,50.42139599999991,[0.25622991],[0.00044313],,-0.008058000000002721,0.00238651530038523,-0.008198882231220592,48.64447999000549,31.0
08:08:2023 05:01:07,0.552,29155.01,29155.01,29150.0,29150.0,4.0382,0,0.41065199999992785,50.413337999999904,[0.25622991],[0.00044314],SELL,-0.0026860000000029686,0.006140279516028984,0.0029921183912451003,3.3857216835021973,18.0
08:08:2023 05:01:33,0.552,29155.01,29155.01,29146.45,29151.57,9.03471,0,0.41041399999992884,50.4106519999999,[0.25622991],[0.00044309],SELL,-0.00023799999999901046,0.0,-1.729259683703933e-05,37.162110328674316,3.0
08:08:2023 05:01:40,0.552,29155.01,29155.01,29146.45,29151.71,14.14829,0,0.40992099999992737,50.4104139999999,[0.25622991],[0.00044308],SELL,-0.0004930000000014842,0.004496434930600844,-1.7292432148178516e-05,30.269869804382324,107.0
08:08:2023 05:04:04,0.552,29149.5,29152.0,29149.49,29152.0,2.50937,0,0.43373799999992463,50.409920999999905,[0.25622991],[0.00044308],,0.023816999999997278,0.026840328033602426,-1.729210286911142e-05,6.0794837474823,254.0
08:08:2023 05:09:44,0.552,29167.53,29167.53,29166.01,29166.01,11.45093,0,0.43373799999992463,50.4337379999999,[0.25622991],[0.00044307],SELL,-0.0,1.729196255637623e-05,0.0,26.679855346679688,60.0
08:08:2023 05:11:38,0.552,29166.01,29166.01,29164.0,29164.0,2.6991,0,0.4287059999999261,50.4337379999999,[0.25622991],[0.0004431],SELL,-0.005031999999998515,0.0008473785089682512,-1.7293142469751903e-05,32.431846618652344,35.0
08:08:2023 05:12:27,0.552,29163.51,29166.97,29163.51,29166.96,2.72414,0,0.42709099999992484,50.4287059999999,[0.25622991],[0.00044301],,-0.0016150000000012368,1.7289662248177846e-05,0.0,43.32877779006958,63.0
08:08:2023 05:13:54,0.552,29166.97,29166.97,29166.01,29166.01,1.77164,0,0.4171799999999219,50.4270909999999,[0.25622991],[0.00044301],SELL,-0.009911000000002968,1.728968353285606e-05,0.0,16.702555418014526,49.0
08:08:2023 05:15:03,0.552,29166.01,29171.84,29166.0,29171.83,3.64276,0,0.4313749999999194,50.417179999999895,[0.25622991],[0.00044284],,0.014194999999997526,0.018485848416838847,0.0,7.199147462844849,84.0
08:08:2023 05:16:58,0.552,29173.55,29182.53,29173.54,29180.19,12.40564,0,0.4267339999999201,50.431374999999896,[0.25622991],[0.00044284],,-0.004640999999999258,0.0,-0.004718630537064491,12.712154388427734,60.0
08:08:2023 05:18:21,0.552,29180.19,29180.19,29177.4,29177.4,6.92436,0,0.42314699999992533,50.4267339999999,[0.25622991],[0.00044284],SELL,-0.003586999999994805,0.00024196044317232273,0.0,49.22965049743652,27.0
08:08:2023 05:18:59,0.552,29180.19,29180.91,29177.26,29180.91,9.75154,0,0.42312999999992806,50.4231469999999,[0.25622991],[0.00044275],,-1.699999999727879e-05,0.0007948443688543728,-1.7279503713706093e-05,11.097699403762817,60.0
08:08:2023 05:20:23,0.552,29180.91,29180.91,29180.54,29180.54,1.84317,0,0.42131099999992855,50.4231299999999,[0.25622991],[0.00044276],SELL,-0.001818999999999505,0.004372145972262142,0.0,47.14248061180115,171.0
08:08:2023 05:24:12,0.552,29180.16,29181.61,29180.16,29181.6,5.86317,0,0.4297259999999298,50.4213109999999,[0.25622991],[0.00044273],,0.008415000000001236,0.011021247930828058,0.0,58.69180107116699,131.0
08:08:2023 05:27:09,0.552,29187.97,29187.98,29186.55,29186.55,1.51565,0,0.4297259999999298,50.4297259999999,[0.25622991],[0.00044272],SELL,-0.0,0.0,-1.727840691409806e-05,1.4996261596679688,60.0
08:08:2023 05:28:31,0.552,29186.55,29186.56,29186.55,29186.56,0.92562,0,0.4297259999999298,50.4297259999999,[0.25622991],[0.00044272],,0.0,0.0,-1.727841283408755e-05,38.93688201904297,60.0
08:08:2023 05:30:00,0.552,29186.55,29186.56,29186.55,29186.56,0.01143,0,0.45937399999992756,50.4297259999999,[0.25622991],[0.00044272],,0.029647999999997773,0.031927547932288955,-1.727841283408755e-05,10.90839171409607,693.0
08:08:2023 05:45:27,0.552,29205.04,29205.05,29204.0,29204.0,6.71357,0,0.45937399999992756,50.4593739999999,[0.25622991],[0.00044272],SELL,-0.0,0.0,-1.7278234732806495e-05,43.58099722862244,60.0
08:08:2023 05:46:48,0.552,29204.0,29204.01,29204.0,29204.01,5.7902,0,0.455327999999932,50.4593739999999,[0.25622991],[0.00044272],,-0.004045999999995547,0.0,-0.004112555022437706,22.023438453674316,24.0
08:08:2023 05:47:23,0.552,29204.01,29204.01,29200.45,29201.58,6.38411,0,0.5146239999999337,50.4553279999999,[0.25622991],[0.00044272],SELL,0.05929600000000173,0.06148185894005633,0.0,47.80536484718323,499.0
08:08:2023 05:58:28,0.552,29166.05,29166.94,29166.04,29166.94,3.76691,0,0.5411779999999381,50.514623999999905,[0.25622991],[0.00044377],,0.026554000000004453,0.02930428981214668,0.0007273932944255332,42.458879232406616,330.0
08:08:2023 06:05:54,0.552,29179.72,29187.93,29179.71,29182.56,48.66873,0,0.5402259999999359,50.54117799999991,[0.25622991],[0.00044376],,-0.0009520000000022263,-0.0009698807374431547,-0.0009698807374431547,16.28522038459778,1.0
08:08:2023 06:06:17,0.552,29182.01,29182.01,29182.0,29182.0,1.04681,1,0.5402259999999359,50.540225999999905,[-0.03994784],[-6.91855494e-05],SELL,-0.0,0.0,-1.7318966716792255e-05,53.53032660484314,60.0
08:08:2023 06:08:40,0.552,29187.84,29187.84,29182.0,29182.0,8.29681,0,0.5394609999999347,50.540225999999905,[0.25622991],[0.00044376],SELL,-0.0007650000000012369,0.003273497842878947,-1.7318966716792255e-05,29.92452120780945,68.0
08:08:2023 06:10:13,0.552,29180.11,29182.45,29180.11,29182.45,4.91806,0,0.5406849999999305,50.5394609999999,[0.25622991],[0.00044375],,0.0012239999999957944,0.0,-1.7318449386102104e-05,57.60997796058655,60.0
08:08:2023 06:11:36,0.552,29182.45,29183.17,29182.44,29183.16,3.59044,0,0.5591129999999307,50.5406849999999,[0.25622991],[0.00044375],,0.018428000000000246,0.020479414569078015,0.0,34.81917953491211,245.0
08:08:2023 06:17:05,0.552,29194.01,29196.44,29194.0,29196.43,21.49617,0,0.5591129999999307,50.5591129999999,[0.25622991],[0.00044371],,0.0,1.7316875958817873e-05,0.0,5.711216688156128,60.0
08:08:2023 06:18:34,0.552,29196.44,29199.98,29196.43,29199.98,3.75224,0,0.5693639999999287,50.5591129999999,[0.25622991],[0.00044366],,0.01025099999999802,0.0123943408728137,-1.7314782512415885e-05,36.849709272384644,28.0
08:08:2023 06:19:14,0.552,29200.0,29207.15,29199.99,29206.01,32.35789,0,0.5666269999999339,50.569363999999894,[0.25622991],[0.00044365],,-0.002736999999994805,1.731470567037283e-05,-0.002787822247327296,56.07632517814636,35.0
08:08:2023 06:20:04,0.552,29206.02,29206.02,29204.4,29204.4,2.40212,0,0.5666269999999339,50.5666269999999,[0.25622991],[0.00044366],SELL,-0.0,0.0,-1.7314723013375597e-05,6.207662343978882,60.0
08:08:2023 06:21:28,0.552,29204.4,29204.41,29204.4,29204.4,6.45998,0,0.5666269999999339,50.5666269999999,[0.25622991],[0.00044366],SELL,-0.0,0.0,-1.7314723013375597e-05,42.78382992744446,60.0
08:08:2023 06:22:51,0.552,29204.4,29204.71,29204.4,29204.71,4.9367,0,0.569414999999933,50.5666269999999,[0.25622991],[0.00044365],,0.0027879999999990105,0.005938191566118705,0.0023719814158604064,19.43991494178772,91.0
08:08:2023 06:24:57,0.552,29208.13,29208.14,29206.35,29206.36,18.3912,0,0.5775409999999309,50.5694149999999,[0.25622991],[0.00044365],SELL,0.00812599999999802,0.011014434226028384,0.0,13.84085988998413,138.0
08:08:2023 06:28:02,0.552,29201.58,29201.58,29201.57,29201.58,0.06233,0,0.5775409999999309,50.5775409999999,[0.25622991],[0.00044379],,0.0,0.0,-1.732014443411909e-05,8.4762601852417,60.0
08:08:2023 06:29:59,0.556,29201.58,29201.58,29201.57,29201.57,1.11667,0,0.5765379999999307,50.5775409999999,[0.25622991],[0.00044379],SELL,-0.0010030000000002474,0.0,-1.7320138502883713e-05,11.269493818283081,53.0
08:08:2023 06:31:13,0.556,29201.58,29204.5,29201.57,29204.5,15.02186,1,0.5756879999999307,50.5765379999999,[-0.01065701],[-1.8455886e-05],,-0.00085,0.00015586208948687008,-0.0008659179906862056,57.52033019065857,80.0
08:08:2023 06:33:03,0.556,29204.0,29204.01,29204.0,29204.0,0.08979,1,0.5756879999999307,50.5756879999999,[-0.01065701],[-1.84558918e-05],,0.0,1.7318062824901168e-05,0.0,7.562126636505127,62.0
08:08:2023 06:34:31,0.556,29204.01,29204.01,29204.0,29204.01,0.87812,1,0.5756879999999307,50.5756879999999,[-0.01065701],[-1.84558855e-05],SELL,-0.0,1.731806875493227e-05,0.0,39.47773241996765,62.0
08:08:2023 06:36:00,0.556,29204.01,29204.01,29204.0,29204.01,0.00971,1,0.5725259999999359,50.5756879999999,[-0.01065701],[-1.84558855e-05],,-0.003161999999994805,0.0,-0.0032040445912194927,10.86780595779419,14.0
08:08:2023 06:36:22,0.556,29204.01,29204.01,29202.15,29202.16,1.932,1,0.5796489999999337,50.572525999999904,[-0.01065701],[-1.84559008e-05],SELL,0.0071229999999977735,0.011761709186766377,0.006910857041385833,48.56711673736572,73.0
08:08:2023 06:38:05,0.556,29195.38,29197.97,29195.37,29197.96,4.29842,1,0.5791559999999322,50.579648999999904,[-0.01065701],[-1.84611554e-05],,-0.0004930000000014842,1.7323001910853505e-05,-0.0004850488710041719,5.890249013900757,32.0
08:08:2023 06:38:51,0.556,29195.38,29197.97,29195.37,29197.67,8.19104,1,0.5789179999999332,50.579155999999905,[-0.01065701],[-1.84611588e-05],,-0.00023799999999901046,0.0,-0.00025984650065791827,19.818727731704712,5.0
08:08:2023 06:39:01,0.556,29197.52,29197.53,29197.52,29197.53,0.1667,1,0.5779319999999364,50.57891799999991,[-0.01065701],[-1.84611605e-05],,-0.000985999999996784,0.0,-0.0010047546897845243,9.176090240478516,3.0
08:08:2023 06:39:08,0.556,29197.52,29197.53,29196.94,29196.94,0.39385,1,0.5779319999999364,50.57793199999991,[-0.01065701],[-1.84611736e-05],SELL,-0.0,0.0,-1.732301901750148e-05,2.17475962638855,60.0
08:08:2023 06:41:05,0.556,29196.95,29196.95,29196.94,29196.95,0.07316,1,0.5751099999999366,50.57793199999991,[-0.01065701],[-1.84611673e-05],,-0.0028219999999997527,0.0,-0.002893109654714582,4.969167709350586,7.0
08:08:2023 06:41:19,0.556,29196.95,29196.95,29195.28,29195.29,9.70765,1,0.5722199999999353,50.57510999999991,[-0.01065701],[-1.84611869e-05],SELL,-0.0028900000000012366,1.7323043317379872e-05,0.0,51.51437544822693,18.0
08:08:2023 06:41:45,0.556,29196.95,29197.0,29195.28,29196.99,12.41903,1,0.5693809999999383,50.57221999999991,[-0.01065701],[-1.84590571e-05],SELL,-0.0028389999999970314,0.0,-1.7321032980068074e-05,25.042551279067993,4.0
08:08:2023 06:41:54,0.556,29196.95,29198.67,29195.28,29198.67,14.92047,1,0.5841029999999442,50.569380999999915,[-0.01065701],[-1.84569589e-05],,0.014722000000005937,0.016707380864427423,-1.7319075941123742e-05,16.368932485580444,272.0
08:08:2023 06:48:03,0.556,29207.34,29207.34,29207.33,29207.34,0.10369,1,0.582912999999943,50.58410299999992,[-0.01065701],[-1.84568517e-05],,-0.001190000000001237,0.0,-0.0012123569195236683,7.125487327575684,42.0
08:08:2023 06:49:05,0.556,29206.65,29206.65,29206.64,29206.65,13.93927,1,0.5863299999999464,50.58291299999992,[-0.01065701],[-1.84568536e-05],SELL,0.0034170000000034633,0.007534874703366176,0.0,5.488351345062256,212.0
08:08:2023 06:53:51,0.556,29202.3,29204.64,29202.3,29204.64,1.10054,1,0.5818419999999473,50.586329999999926,[-0.01065701],[-1.84593707e-05],,-0.00448799999999901,0.003481348367584194,-0.004053516750393195,19.734126329421997,140.0
08:08:2023 06:57:00,0.556,29202.0,29202.01,29201.76,29201.76,0.20852,1,0.5907159999999432,50.581841999999924,[-0.01065701],[-1.84595534e-05],SELL,0.008873999999995793,0.011573412525666316,-1.73214986661099e-05,10.365249156951904,143.0
08:08:2023 07:00:14,0.556,29195.09,29196.64,29195.08,29196.64,12.65925,1,0.5840689999999434,50.59071599999992,[-0.01065701],[-1.84660296e-05],,-0.006646999999999752,0.00232178936488097,-0.0067759918157703075,55.9505250453949,230.0
08:08:2023 07:05:23,0.556,29197.98,29197.98,29192.72,29192.73,17.42692,1,0.5840689999999434,50.58406899999992,[-0.06049133],[-0.00010482],SELL,-0.0,1.732763133819078e-05,0.0,47.186824560165405,60.0
08:08:2023 07:06:47,0.556,29192.72,29192.73,29192.72,29192.72,2.78739,1,0.5840689999999434,50.58406899999992,[-0.01065701],[-1.84660827e-05],,0.0,1.7327625402592657e-05,0.0,23.500202894210815,60.0
08:08:2023 07:08:10,0.556,29192.72,29192.73,29192.72,29192.72,0.10579,1,0.5840689999999434,50.58406899999992,[-0.01065701],[-1.84660827e-05],,0.0,1.7327625402592657e-05,0.0,0.8596906661987305,60.0
08:08:2023 07:09:35,0.556,29192.73,29192.73,29192.0,29192.0,7.45683,1,0.5926199999999414,50.58406899999992,[-0.01065701],[-1.84665381e-05],SELL,0.00855099999999802,0.017663457582306683,-1.732805277605169e-05,34.98328709602356,85.0
08:08:2023 07:11:31,0.556,29184.97,29186.98,29181.81,29186.97,19.52615,1,0.5909709999999394,50.59261999999992,[-0.06049133],[-0.00010486],,-0.001649000000001979,1.7333968773714e-05,-0.0016814514287692324,39.35775709152222,9.0
08:08:2023 07:11:46,0.556,29184.97,29186.98,29181.81,29186.0,33.07227,0,0.5838649999999389,50.59097099999992,[0.10517404],[0.00018231],,-0.007106000000000495,1.733397987320013e-05,-0.007177288217405272,24.50981569290161,4.0
08:08:2023 07:11:54,0.556,29184.97,29186.98,29181.81,29181.82,38.9074,0,0.5751099999999364,50.58386499999992,[0.10517404],[0.00018231],SELL,-0.008755000000002473,1.7334039592438886e-05,0.0,16.242918252944946,60.0
08:08:2023 07:13:16,0.556,29181.82,29186.98,29181.81,29186.97,6.28087,1,0.5751269999999337,50.57510999999992,[-0.01065701],[-1.84664494e-05],,1.699999999727879e-05,1.732796952336429e-05,0.0,54.38323354721069,61.0
08:08:2023 07:14:40,0.556,29186.97,29186.98,29186.97,29186.97,2.59309,1,0.57835699999993,50.57512699999992,[-0.01065701],[-1.84664556e-05],,0.0032299999999962892,0.005180535695489021,0.0,30.420497179031372,293.0
08:08:2023 07:21:09,0.556,29189.94,29189.94,29188.87,29188.88,4.65636,1,0.5783739999999334,50.57835699999991,[-0.01065701],[-1.84664265e-05],SELL,1.7000000003463355e-05,1.732795994168465e-05,0.0,1.0966243743896484,62.0
08:08:2023 07:22:34,0.556,29188.87,29188.88,29188.87,29188.88,4.57591,1,0.6465779999999317,50.57837399999992,[-0.01065701],[-1.84664328e-05],,0.06820399999999827,0.07464250005165456,-1.7327965765822415e-05,36.1897931098938,584.0
08:08:2023 07:35:31,0.556,29219.99,29232.02,29219.99,29229.0,22.36003,1,0.6482779999999317,50.64657799999992,[-0.41367399],[-0.00071679],,0.0017,0.006930055485239273,-1.7327515590478107e-05,39.591862201690674,242.0
08:08:2023 07:40:54,0.556,29233.0,29233.0,29230.0,29230.0,11.82994,1,0.648294999999929,50.64827799999992,[-0.01065701],[-1.84659411e-05],SELL,1.699999999727879e-05,0.0025299411424571897,-1.732749252972975e-05,16.268130779266357,192.0
08:08:2023 07:45:12,0.556,29228.55,29230.0,29228.55,29230.0,1.17165,1,0.6482779999999317,50.64829499999992,[-0.01065701],[-1.84659473e-05],,-1.699999999727879e-05,0.0,-1.7327510201643102e-05,58.246710777282715,60.0
08:08:2023 07:46:34,0.556,29229.99,29230.0,29229.99,29229.99,5.01214,1,0.6482779999999317,50.64827799999992,[-0.01065701],[-1.84659474e-05],,0.0,1.7327498457712143e-05,0.0,36.343995332717896,62.0
08:08:2023 07:48:20,0.556,29230.0,29230.0,29228.57,29228.57,16.55176,1,0.6562339999999323,50.64827799999992,[-0.06049133],[-0.00010482],SELL,0.007956000000000494,0.0097230684222279,0.0,50.06827783584595,120.0
08:08:2023 07:51:07,0.556,29223.89,29223.9,29222.96,29222.97,19.84679,1,0.665005999999932,50.65623399999992,[-0.64685308],[-0.00112128],SELL,0.008771999999999752,0.01036808649077052,0.0041085834849432425,3.918574333190918,130.0
08:08:2023 07:54:06,0.556,29217.8,29217.81,29217.8,29217.8,15.29373,1,0.6647849999999303,50.66500599999992,[-0.01065701],[-1.8479753e-05],SELL,-0.00022100000000173167,0.0,-1.7340452966982035e-05,4.452876091003418,12.0
08:08:2023 07:54:24,0.556,29217.8,29219.05,29217.8,29219.05,21.1067,1,0.6645129999999306,50.66478499999992,[-0.06049133],[-0.00010489],,-0.0002719999999997526,0.0,-0.00029477561939100723,46.12152099609375,44.0
08:08:2023 07:55:25,0.556,29219.05,29219.05,29218.88,29218.88,2.99792,1,0.6623539999999299,50.664512999999914,[-0.01065701],[-1.84788902e-05],SELL,-0.002159000000000742,0.006746021667985174,0.0010577406851955793,45.15395903587341,136.0
08:08:2023 07:58:28,0.556,29215.0,29220.15,29214.99,29220.15,18.88398,1,0.674542999999927,50.662353999999915,[-0.06049133],[-0.00010488],,0.01218899999999703,0.01360679755371307,-1.7338162654361407e-05,42.478317737579346,204.0
08:08:2023 08:03:03,0.556,29227.31,29227.32,29227.31,29227.31,0.5835,1,0.6720439999999311,50.674542999999915,[-0.01065701],[-1.84772175e-05],SELL,-0.0024989999999957945,0.0,-1.733807375834951e-05,7.749970436096191,15.0
08:08:2023 08:03:25,0.556,29227.31,29228.78,29227.31,29228.77,20.19593,1,0.6819379999999307,50.67204399999992,[-0.06049133],[-0.00010487],,0.009893999999999504,0.013951926173912296,0.0,45.63685941696167,176.0
08:08:2023 08:07:21,0.556,29236.82,29236.82,29234.59,29234.59,3.26272,1,0.6812409999999309,50.681937999999924,[-0.01065701],[-1.8475312e-05],SELL,-0.0006969999999997526,0.004490497380268445,0.0,49.245116233825684,34.0
08:08:2023 08:08:08,0.556,29232.0,29235.0,29232.0,29234.99,41.35155,0,0.6784529999999257,50.68124099999992,[0.10517404],[0.00018233],,-0.0027880000000051947,0.015614757947268437,-0.0028605711030649807,2.0023722648620605,73.0
08:08:2023 08:09:48,0.556,29243.01,29244.0,29233.34,29233.35,26.75226,1,0.6705479999999232,50.67845299999992,[-0.22068651],[-0.00038258],SELL,-0.007905000000002473,0.0,0.0,22.318196296691895,2.0
08:08:2023 08:09:55,0.556,29243.01,29244.0,29233.34,29237.99,28.60384,1,0.6705309999999259,50.67054799999992,[-0.22068651],[-0.00038246],SELL,-1.699999999727879e-05,0.0016117766163907953,-1.7330374167825784e-05,15.78489899635315,76.0
08:08:2023 08:11:37,0.556,29237.27,29238.0,29237.27,29238.0,1.60238,1,0.6954869999999265,50.67053099999992,[-0.51727555],[-0.00089646],,0.02495600000000049,0.028890572622227054,-1.7330374280820612e-05,33.61577224731445,175.0
08:08:2023 08:15:31,0.556,29249.99,29255.06,29249.99,29252.68,22.86147,1,0.6917469999999253,50.69548699999992,[-0.06049133],[-0.00010483],,-0.0037400000000012367,1.7330196638970652e-05,-0.0011438191762480872,39.241114377975464,2.0
08:08:2023 08:15:37,0.556,29249.99,29255.06,29249.99,29250.47,23.98579,1,0.692018999999925,50.69174699999992,[-0.06049133],[-0.00010483],,0.0002719999999997526,0.006480678636678155,0.0,33.61426591873169,81.0
08:08:2023 08:17:27,0.556,29253.58,29254.21,29250.63,29250.63,9.23409,1,0.7015219999999253,50.692018999999924,[-0.01065701],[-1.84688537e-05],SELL,0.009503000000000247,0.011353844075449204,0.0,43.77233672142029,81.0
08:08:2023 08:19:15,0.556,29244.09,29245.04,29244.08,29245.03,1.94625,1,0.7286369999999265,50.701521999999926,[-0.01065701],[-1.84758532e-05],,0.027115000000001235,0.028987882583275122,0.0,55.20477032661438,145.0
08:08:2023 08:22:29,0.556,29258.37,29261.76,29258.35,29258.45,15.5429,1,0.7284499999999255,50.72863699999993,[-0.01065701],[-1.84772551e-05],,-0.00018700000000098952,0.0,-0.00019071998172245997,40.9631929397583,9.0
08:08:2023 08:22:44,0.556,29258.37,29261.76,29258.33,29258.34,21.37289,1,0.7248629999999245,50.728449999999924,[-0.06049133],[-0.00010488],,-0.003587000000000989,0.0,-0.0036759469952012997,26.24244737625122,11.0
08:08:2023 08:23:16,0.556,29256.22,29256.23,29256.22,29256.23,1.7927,1,0.7244719999999253,50.72486299999992,[-0.01065701],[-1.84772824e-05],,-0.0003909999999992578,-1.7338146552042724e-05,-0.0003987803694960978,54.000009059906006,3.0
08:08:2023 08:23:24,0.556,29256.22,29256.23,29252.0,29252.0,5.06719,1,0.7287219999999253,50.72447199999992,[-0.01065701],[-1.84798119e-05],SELL,0.0042499999999999994,0.006121940264223758,-1.734050822212915e-05,46.686798334121704,67.0
08:08:2023 08:24:54,0.556,29248.48,29249.51,29248.47,29249.5,28.40824,1,0.7533889999999226,50.72872199999992,[-0.06049133],[-0.00010491],,0.024666999999997278,0.02662555603956514,0.0,16.283705949783325,45.0
08:08:2023 08:25:56,0.556,29249.5,29264.86,29249.5,29264.01,23.28202,1,0.7720889999999226,50.75338899999991,[-0.06049133],[-0.00010491],,0.018699999999999998,0.02078607508232273,-1.7343284920679253e-05,14.365572929382324,106.0
08:08:2023 08:28:19,0.556,29275.99,29276.0,29275.0,29275.01,4.38667,1,0.7782429999999209,50.772088999999916,[-4.91291785],[-0.00852055],SELL,0.006153999999998268,0.017366431262255864,0.0,51.35311508178711,12.0
08:08:2023 08:28:37,0.556,29275.99,29276.0,29265.0,29271.38,16.11443,1,0.7781409999999248,50.77824299999991,[-6.93120379],[-0.01202384],SELL,-0.00010199999999604188,0.0,-8.67368676543322e-05,33.16194200515747,7.0
08:08:2023 08:28:49,0.556,29275.99,29276.0,29265.0,29271.43,17.3267,1,0.7775459999999272,50.77814099999991,[-7.01611433],[-0.01217109],SELL,-0.0005949999999975261,-inf,inf,21.503632068634033,1.0
08:08:2023 08:28:53,0.556,29275.99,29276.0,29265.0,29271.79,17.77964,1,0.773805999999926,50.777545999999916,[-7.01611433],[-0.0121708],SELL,-0.0037400000000012367,0.0,0.0,17.627826929092407,2.0
08:08:2023 08:28:58,0.556,29275.99,29276.0,29265.0,29273.99,21.38957,1,0.7720889999999287,50.773805999999915,[-7.01611433],[-0.01216899],SELL,-0.0017169999999972786,0.0,-1.734433490191723e-05,12.486191749572754,7.0
08:08:2023 08:29:10,0.556,29273.99,29275.31,29273.99,29275.3,1.27994,1,0.7766959999999272,50.772088999999916,[-0.01065701],[-1.84824379e-05],,0.004606999999998515,0.008184566133495084,0.0,59.95290756225586,19.0
08:08:2023 08:29:38,0.556,29273.99,29282.51,29273.99,29278.01,36.83244,0,0.7730239999999274,50.776695999999916,[0.10517404],[0.0001824],,-0.0036719999999997523,0.0,-0.003746352825280647,31.93235945701599,20.0
08:08:2023 08:30:08,0.556,29278.0,29278.01,29275.84,29275.84,2.13896,1,0.7863859999999284,50.773023999999914,[-2.85386309],[-0.00494945],SELL,0.01336200000000099,0.016810909619472757,-1.734297176405557e-05,2.4884884357452393,25.0
08:08:2023 08:30:43,0.556,29278.0,29278.01,29266.15,29267.99,12.84778,1,0.8079759999999296,50.786385999999915,[-2.85386309],[-0.00495208],SELL,0.021590000000001237,0.029759089258608,0.0,26.966678142547607,58.0
08:08:2023 08:32:02,0.556,29250.86,29255.3,29250.85,29255.3,12.32792,1,0.8163399999999329,50.80797599999992,[-0.01065701],[-1.85081459e-05],,0.008364000000003216,0.011268748912492394,-1.7367107279355983e-05,8.029885292053223,36.0
08:08:2023 08:32:53,0.556,29250.86,29261.79,29250.85,29260.22,25.32839,1,0.8101689999999312,50.81633999999992,[-0.06049133],[-0.00010506],,-0.0061710000000017315,1.7367033680824004e-05,-0.00036471044952276105,17.255140781402588,6.0
08:08:2023 08:33:04,0.556,29260.23,29260.23,29256.0,29256.0,0.92309,1,0.8256219999999315,50.81016899999992,[-0.01065701],[-1.85085019e-05],SELL,0.015453000000000246,0.02759446553981483,0.0012157495667464327,5.956554889678955,95.0
08:08:2023 08:35:13,0.556,29240.13,29246.91,29240.12,29246.9,9.83576,1,0.8660139999999288,50.82562199999992,[-0.01065701],[-1.85198915e-05],,0.04039199999999728,0.04451847868616691,0.0,57.84012460708618,235.0
08:08:2023 08:40:29,0.556,29265.0,29272.55,29264.99,29270.13,16.24167,1,0.899792999999927,50.866013999999915,[-0.06049133],[-0.00010512],,0.03377899999999827,0.05010388289971863,0.0,41.35935378074646,77.0
08:08:2023 08:42:14,0.556,29275.53,29299.0,29275.53,29290.01,88.04398,1,0.9099759999999297,50.89979299999991,[-6.17434519],[-0.0107297],,0.010183000000002721,0.013620602778702421,-1.73778740156546e-05,56.06519961357117,42.0
08:08:2023 08:43:13,0.556,29290.0,29297.85,29290.0,29296.0,15.3757,1,0.9084629999999307,50.909975999999915,[-4.48105869],[-0.00778709],,-0.0015129999999990104,-0.00015640059789941328,-0.00015640059789941328,57.89857363700867,1.0
08:08:2023 08:43:17,0.556,29290.0,29297.85,29290.0,29294.91,15.8205,1,0.9074939999999312,50.90846299999992,[-4.44598246],[-0.00772619],,-0.0009689999999995052,1.737791500773887e-05,-0.001007939370516535,53.100332260131836,2.0
08:08:2023 08:43:23,0.556,29290.0,29297.85,29290.0,29294.33,16.02678,1,0.9037879999999306,50.90749399999992,[-4.44598246],[-0.0077262],,-0.0037060000000004945,1.7377928293264536e-05,-0.0018247484986368232,47.427441358566284,2.0
08:08:2023 08:43:29,0.556,29290.0,29297.85,29290.0,29292.14,18.85707,1,0.9003539999999299,50.90378799999992,[-4.61063621],[-0.00801235],,-0.003434000000000742,1.7377962358642293e-05,-0.0035105916862075695,41.660993576049805,6.0
08:08:2023 08:43:40,0.556,29290.0,29297.85,29290.0,29290.11,19.9849,1,0.9001839999999263,50.90035399999992,[-4.61063621],[-0.00801236],,-0.00017000000000371072,1.7377994351628552e-05,-0.00017378059618658706,30.236682415008545,5.0
08:08:2023 08:43:50,0.556,29290.0,29297.85,29290.0,29290.02,21.98488,1,0.8992319999999241,50.90018399999992,[-4.61063621],[-0.00801236],,-0.0009520000000022263,0.0019810144002480705,-0.0009731863626050674,20.765600442886353,53.0
08:08:2023 08:45:03,0.556,29291.0,29291.01,29289.46,29289.47,6.06483,1,0.8978379999999246,50.89923199999991,[-2.85386309],[-0.00495944],SELL,-0.0013939999999995052,-inf,inf,7.233184337615967,1.0
08:08:2023 08:45:07,0.556,29291.0,29291.01,29289.46,29290.93,6.9895,1,0.8939619999999266,50.897837999999915,[-2.85386309],[-0.00495906],SELL,-0.003875999999998021,1.737666075711148e-05,1.737666075711148e-05,3.389038324356079,2.0
08:08:2023 08:45:12,0.556,29291.0,29297.52,29289.46,29297.51,13.24879,1,0.8913949999999293,50.89396199999992,[-2.85386309],[-0.00495757],,-0.0025669999999972785,0.0008511857935723061,-0.002623221006960623,58.27877497673035,11.0
08:08:2023 08:45:30,0.556,29291.0,29298.0,29289.46,29296.01,22.93092,1,0.9253949999999294,50.89139499999992,[-4.95705957],[-0.00861113],,0.033999999999999996,0.05895977469137085,3.474286106418567e-05,40.21396017074585,81.0
08:08:2023 08:47:20,0.556,29301.0,29331.24,29300.99,29316.0,117.10094,1,0.9216379999999308,50.92539499999992,[-4.82745742],[-0.00838587],,-0.0037569999999985154,0.0,-0.003526596767682458,50.38234806060791,3.0
08:08:2023 08:47:27,0.556,29301.0,29331.24,29300.99,29312.56,120.1911,1,0.9138859999999286,50.921637999999916,[-4.82745742],[-0.00838624],,-0.007752000000002226,-0.00790546519194404,-0.00790546519194404,43.491169452667236,1.0
08:08:2023 08:47:32,0.556,29301.0,29331.24,29300.99,29308.01,123.945,1,0.897939999999933,50.91388599999991,[-4.82745742],[-0.00838626],,-0.015945999999995547,0.0,-0.013727583254803078,38.50642418861389,7.0
08:08:2023 08:47:45,0.556,29301.0,29331.24,29298.62,29298.63,142.35126,1,0.888827999999932,50.89793999999992,[-4.06930355],[-0.00706924],SELL,-0.009112000000000989,0.0,0.0,25.551957607269287,2.0
08:08:2023 08:47:50,0.556,29301.0,29331.24,29298.62,29307.13,162.55922,1,0.8820109999999285,50.88882799999992,[-19.33455654],[-0.03357248],,-0.006817000000003463,1.73639693234666e-05,-0.005470240158506585,20.489019632339478,6.0
08:08:2023 08:48:01,0.556,29303.12,29303.12,29300.0,29300.0,0.22745,0,0.877454999999928,50.88201099999991,[1.68687323],[0.0029294],SELL,-0.0045560000000004946,0.0,-1.7365868131736193e-05,9.753918170928955,6.0
08:08:2023 08:48:11,0.556,29303.12,29303.12,29300.0,29303.11,4.19154,0,0.8726269999999278,50.87745499999991,[1.68687323],[0.00292883],SELL,-0.004828000000000247,-inf,inf,59.47106647491455,1.0
08:08:2023 08:48:15,0.556,29303.12,29306.0,29300.0,29305.99,6.51136,0,0.8658609999999223,50.87262699999991,[1.68687323],[0.00292826],,-0.006766000000005442,1.7359116560382403e-05,-0.006909869168025078,55.64186978340149,2.0
08:08:2023 08:48:20,0.556,29303.12,29306.0,29300.0,29302.0,12.02878,0,0.8862779999999195,50.8658609999999,[1.68687323],[0.00292827],SELL,0.020416999999997278,0.025235397947652678,-1.7359171262264178e-05,49.92226719856262,30.0
08:08:2023 08:49:03,0.556,29287.48,29290.0,29287.47,29289.99,5.00848,1,0.8820279999999195,50.8862779999999,[-2.50068043],[-0.0043445],,-0.0042499999999999994,0.0024668841397498787,-0.002988377195377503,7.429415225982666,17.0
08:08:2023 08:49:29,0.556,29287.48,29291.41,29287.39,29287.39,11.77028,1,0.8796649999999205,50.8820279999999,[-2.50068043],[-0.00434452],,-0.0023629999999990104,-0.0023976362310895783,-0.0023976362310895783,41.32673454284668,1.0
08:08:2023 08:49:34,0.556,29287.48,29291.41,29285.29,29285.29,11.90565,1,0.8784749999999193,50.879664999999896,[-2.50068043],[-0.00434463],SELL,-0.001190000000001237,0.004343819782882701,0.0017548139018648762,36.42037010192871,7.0
08:08:2023 08:49:46,0.556,29287.48,29291.91,29282.79,29291.91,17.57857,1,0.8806679999999207,50.878474999999895,[-4.6038769],[-0.00799669],,0.002193000000001484,0.007103118608342673,-1.736946903132119e-05,24.385965824127197,30.0
08:08:2023 08:50:30,0.556,29296.0,29296.0,29293.2,29293.21,6.37986,1,0.8864649999999205,50.88066799999989,[-4.91291785],[-0.00853346],SELL,0.005796999999999752,0.008477699474154592,1.736944683129715e-05,40.54965567588806,7.0
08:08:2023 08:50:42,0.556,29296.0,29296.0,29288.32,29289.79,10.10505,1,0.9150929999999207,50.886464999999895,[-4.91291785],[-0.00853543],SELL,0.028628000000000247,0.034179141052670094,-1.7373442287709184e-05,28.89147400856018,44.0
08:08:2023 08:51:42,0.556,29289.79,29289.8,29270.13,29271.5,30.58378,1,0.9176429999999207,50.91509299999989,[-6.85044896],[-0.01191573],SELL,0.0025499999999999997,0.009568544095537463,0.0018786303865844355,28.340718269348145,14.0
08:08:2023 08:52:03,0.556,29266.0,29270.0,29266.0,29270.0,11.63139,1,0.9108429999999207,50.91764299999989,[-0.36383968],[-0.00063293],,-0.0068,0.0,-0.003270629232080901,7.585525274276733,15.0
08:08:2023 08:52:26,0.556,29266.0,29270.0,29266.0,29266.0,19.56761,1,0.9097039999999237,50.91084299999989,[-0.41367399],[-0.00071962],,-0.0011389999999970313,0.0,-0.0011655520306762652,44.33155012130737,4.0
08:08:2023 08:52:34,0.556,29266.0,29270.0,29265.0,29265.0,27.33549,1,0.9191729999999232,50.9097039999999,[-0.41367399],[-0.00071963],SELL,0.009468999999999504,0.02088389047277198,0.006472174111319084,35.939281702041626,33.0
08:08:2023 08:53:20,0.556,29257.96,29259.44,29253.0,29259.43,11.37288,1,0.9269419999999227,50.9191729999999,[-0.01065701],[-1.85460342e-05],,0.007768999999999505,0.010195913103202772,0.0,50.070157051086426,47.0
08:08:2023 08:54:25,0.556,29259.44,29265.29,29259.43,29263.62,5.75401,1,0.9218589999999262,50.9269419999999,[-0.01065701],[-1.8546208e-05],,-0.0050829999999965365,1.740281093301654e-05,-0.0028368171631480443,45.575697898864746,10.0
08:08:2023 08:54:42,0.556,29259.44,29265.29,29259.43,29260.63,15.84242,0,0.9154499999999254,50.9218589999999,[0.02441921],[4.24964129e-05],,-0.006409000000000741,0.0021752643285393785,-0.005499897101150313,28.85178565979004,15.0
08:08:2023 08:55:05,0.556,29261.88,29261.88,29256.85,29256.85,3.1392,1,0.9245959999999209,50.9154499999999,[-0.01065701],[-1.85463135e-05],SELL,0.009145999999995547,0.01192378914529659,-1.740290995355371e-05,5.862355947494507,14.0
08:08:2023 08:55:26,0.556,29261.88,29261.88,29250.0,29251.47,10.72624,1,0.9214169999999227,50.924595999999895,[-0.01065701],[-1.85530567e-05],SELL,-0.0031789999999982683,0.0,0.0,44.1869215965271,2.0
08:08:2023 08:55:31,0.556,29261.88,29261.88,29250.0,29253.34,13.22993,1,0.9293559999999259,50.9214169999999,[-0.01065701],[-1.85507126e-05],SELL,0.007939000000003216,0.011055872688092869,0.0,39.044859170913696,77.0
08:08:2023 08:57:15,0.556,29246.99,29251.16,29246.99,29251.16,8.95637,1,0.9252759999999234,50.9293559999999,[-0.01065701],[-1.85549876e-05],,-0.004080000000002474,0.0037953271687955837,-0.004178996114709611,55.08751130104065,31.0
08:08:2023 08:58:37,0.572,29248.75,29250.39,29248.75,29250.39,21.89563,1,0.9279959999999271,50.9252759999999,[-0.01065701],[-1.85539895e-05],,0.0027200000000037108,0.0073808204116777775,0.0,33.8089714050293,36.0
08:08:2023 08:59:29,0.572,29253.33,29254.63,29251.4,29251.41,14.15003,0,0.9201929999999269,50.9279959999999,[0.11977769],[0.00020854],SELL,-0.007803000000000247,0.003987303236474952,0.001427696218092869,41.85798764228821,28.0
08:08:2023 09:00:09,0.572,29249.13,29256.0,29249.12,29256.0,10.03035,0,0.9244939999999249,50.9201929999999,[0.11977769],[0.00020847],,0.004300999999998021,0.010423486443337616,-1.7405048672715926e-05,0.9286932945251465,9.0
08:08:2023 09:00:24,0.572,29249.13,29261.99,29249.12,29256.19,21.76533,0,0.9241879999999244,50.924493999999896,[0.11977769],[0.00020849],,-0.00030600000000049473,0.0,-0.0002959105161915755,46.05039048194885,2.0
08:08:2023 09:00:30,0.572,29249.13,29261.99,29249.12,29256.02,22.00139,0,0.9110299999999217,50.924187999999894,[0.11977769],[0.00020849],,-0.013158000000002721,0.0,-0.006928688332163409,40.33112359046936,25.0
08:08:2023 09:01:08,0.572,29256.01,29256.02,29248.28,29248.29,11.1242,0,0.9127809999999259,50.91102999999989,[0.11977769],[0.00020849],SELL,0.0017510000000042054,0.014434077930918042,0.0,2.8861706256866455,25.0
08:08:2023 09:01:43,0.572,29256.01,29256.02,29240.0,29247.95,37.22654,0,0.9108599999999242,50.912780999999896,[0.11977769],[0.0002085],SELL,-0.0019210000000017317,-inf,inf,27.7382755279541,1.0
08:08:2023 09:01:47,0.572,29256.01,29256.02,29240.0,29249.09,38.25327,0,0.9095169999999226,50.91085999999989,[0.11977769],[0.00020848],SELL,-0.0013430000000014843,0.004595589221938734,1.7405969689251947e-05,23.878148078918457,41.0
08:08:2023 09:02:44,0.572,29247.37,29249.89,29246.45,29249.88,6.51747,0,0.9063379999999182,50.909516999999894,[0.11977769],[0.00020847],,-0.0031790000000044526,0.0,-0.003272356809356252,26.90066909790039,3.0
08:08:2023 09:02:51,0.572,29247.37,29249.89,29246.45,29246.91,8.42795,0,0.9045019999999152,50.90633799999989,[0.11977769],[0.00020848],SELL,-0.0018360000000029685,0.0006962381220895771,0.0006614257636735645,19.79036831855774,74.0
08:08:2023 09:04:34,0.572,29246.52,29248.0,29246.51,29247.99,14.08507,0,0.917625999999911,50.90450199999989,[0.11977769],[0.00020847],,0.013123999999995794,0.017415888475627774,0.0,36.298468589782715,90.0
08:08:2023 09:06:38,0.572,29257.78,29258.0,29255.27,29255.28,19.89025,0,0.917625999999911,50.917625999999885,[0.11977769],[0.00020847],SELL,-0.0,1.7404599578759466e-05,0.0,32.290992736816406,60.0
08:08:2023 09:08:18,0.572,29255.28,29257.99,29255.27,29257.99,2.25097,0,0.9272479999999108,50.917625999999885,[0.11977769],[0.00020845],,0.009621999999999752,0.012196567854430811,0.003480358400669302,52.81954002380371,75.0
08:08:2023 09:10:05,0.572,29263.65,29263.72,29263.64,29263.72,16.63403,0,0.924425999999911,50.927247999999885,[0.11977769],[0.00020845],,-0.0028219999999997527,0.0039675434100984236,-0.002871634139350836,4.954158306121826,26.0
08:08:2023 09:10:44,0.572,29263.65,29266.0,29262.06,29262.06,23.03428,0,0.9347279999999133,50.92442599999988,[0.11977769],[0.00020845],SELL,0.010302000000002226,0.01751332303979439,0.006196180821302058,26.699959993362427,54.0
08:08:2023 09:11:58,0.572,29256.0,29256.01,29252.0,29256.0,9.13253,0,0.9395729999999108,50.934727999999886,[0.11977769],[0.00020853],SELL,0.004844999999997526,0.006808224180904412,0.0,12.51811695098877,44.0
08:08:2023 09:13:04,0.572,29253.55,29253.56,29253.55,29253.55,0.1702,0,0.9326539999999114,50.93957299999988,[0.11977769],[0.00020857],SELL,-0.0069189999999995045,0.0,-1.741311929569517e-05,6.87947416305542,22.0
08:08:2023 09:13:35,0.572,29253.55,29257.62,29253.55,29257.61,3.51717,0,0.9286419999999104,50.932653999999886,[0.11977769],[0.00020851],,-0.00401200000000099,0.004160254376622354,-0.003847534654797243,35.6080162525177,31.0
08:08:2023 09:14:21,0.572,29259.99,29260.0,29255.25,29255.26,6.61836,0,0.9290839999999077,50.92864199999988,[0.11977769],[0.00020851],SELL,0.00044199999999727877,0.006842408979688413,0.0,49.866722106933594,37.0
08:08:2023 09:15:13,0.572,29254.04,29255.01,29251.33,29255.01,12.04197,0,0.9375669999999103,50.92908399999988,[0.11977769],[0.00020852],,0.008483000000002721,0.010182036392645687,0.0029767087233340105,57.120134115219116,21.0
08:08:2023 09:15:44,0.572,29254.04,29260.86,29251.33,29260.0,21.71527,0,0.9387059999999073,50.93756699999989,[0.11977769],[0.00020852],,0.0011389999999970313,0.006318538342989283,0.0,26.692117929458618,56.0
08:08:2023 09:17:07,0.572,29260.66,29260.67,29259.2,29259.21,1.29302,0,0.9407799999999031,50.93870599999988,[0.11977769],[0.00020853],SELL,0.0020739999999957945,0.0056761165356079045,0.0001740951997489282,3.7443199157714844,40.0
08:08:2023 09:18:04,0.572,29255.96,29261.33,29255.95,29261.33,3.20349,0,0.939453999999899,50.940779999999876,[0.11977769],[0.00020852],,-0.0013260000000042053,0.004682565765056644,-0.00038299885411248154,6.468414545059204,98.0
08:08:2023 09:20:20,0.572,29262.17,29262.17,29260.54,29260.54,3.73226,0,0.9369719999999004,50.93945399999987,[0.11977769],[0.00020852],SELL,-0.0024819999999985158,0.0,-1.740891883161661e-05,50.47421407699585,18.0
08:08:2023 09:20:47,0.572,29262.17,29262.17,29260.54,29262.0,6.46205,0,0.9301719999999004,50.93697199999987,[0.11977769],[0.0002085],SELL,-0.0068,1.740721392900699e-05,0.0,23.843677043914795,15.0
08:08:2023 09:21:10,0.572,29261.99,29266.16,29261.99,29266.0,6.9698,0,0.9281829999999034,50.93017199999987,[0.11977769],[0.00020844],,-0.0019889999999970313,0.0,-0.0020535784248806132,0.370211124420166,42.0
08:08:2023 09:22:08,0.572,29265.99,29266.0,29264.01,29264.01,3.21839,0,0.9327219999999005,50.928182999999876,[0.11977769],[0.00020845],SELL,0.0045389999999970315,0.012602896523433563,0.0,1.983980655670166,112.0
08:08:2023 09:24:44,0.572,29261.34,29261.35,29256.77,29261.34,16.55979,0,0.926516999999898,50.93272199999987,[0.11977769],[0.00020849],SELL,-0.006205000000002473,0.0,-1.740614222920235e-05,26.39375138282776,36.0
08:08:2023 09:25:35,0.572,29261.35,29266.0,29261.34,29266.0,3.89799,0,0.9320079999998973,50.92651699999987,[0.11977769],[0.00020843],,0.005490999999999258,0.006681205817319361,-1.7401262349863444e-05,35.32684087753296,107.0
08:08:2023 09:28:40,0.56,29269.22,29269.24,29269.22,29269.23,17.85232,0,0.9311069999998992,50.93200799999987,[0.11977769],[0.00020843],,-0.0009009999999980209,1.740120618450499e-05,-0.0009222809431215133,30.58878803253174,42.0
08:08:2023 09:29:41,0.56,29269.24,29269.24,29267.23,29267.23,5.72177,0,0.9236609999998975,50.93110699999987,[0.24601464],[0.00042812],SELL,-0.007446000000001732,0.0012877874722898488,0.00127038450480849,28.95662546157837,36.0
08:08:2023 09:30:34,0.56,29266.49,29271.62,29266.49,29271.62,20.19381,0,0.9149569999998992,50.92366099999987,[0.24601464],[0.00042799],,-0.008703999999998269,0.0,-0.006298471122726105,36.91565442085266,54.0
08:08:2023 09:31:49,0.56,29271.62,29271.62,29266.5,29266.5,12.08185,0,0.9200569999998992,50.914956999999866,[0.24601464],[0.00042799],SELL,0.0050999999999999995,0.007829858058232499,3.4794042195105956e-05,21.353197813034058,52.0
08:08:2023 09:33:06,0.56,29263.5,29263.5,29263.49,29263.49,0.28918,0,0.9147699999999044,50.920056999999865,[0.24601464],[0.00042808],SELL,-0.0052869999999948045,-inf,inf,4.147905588150024,1.0
08:08:2023 09:33:10,0.56,29263.5,29266.6,29263.49,29266.59,6.70263,0,0.9088369999999016,50.91476999999987,[0.24601464],[0.00042799],,-0.005933000000002721,0.0024528435731854727,-0.00607223934921731,0.28759026527404785,88.0
08:08:2023 09:35:12,0.56,29268.0,29268.0,29263.1,29263.1,6.37035,0,0.9014929999999022,50.90883699999986,[0.24601464],[0.00042799],SELL,-0.007343999999999505,0.0,-1.7396933207157872e-05,58.65313363075256,15.0
08:08:2023 09:35:35,0.56,29268.0,29268.0,29263.1,29267.42,13.40575,0,0.9005239999998965,50.90149299999987,[0.24601464],[0.00042787],SELL,-0.0009690000000056897,0.0,-1.7391856070167374e-05,35.19566631317139,13.0
08:08:2023 09:35:55,0.56,29268.0,29268.0,29263.1,29267.99,15.16826,0,0.9035839999999015,50.90052399999986,[0.24601464],[0.00042785],SELL,0.0030600000000049477,0.011567771147872009,-1.7391186275745578e-05,15.238556623458862,228.0
08:08:2023 09:41:03,0.56,29261.35,29266.22,29261.34,29266.21,3.22019,0,0.9066439999999002,50.90358399999987,[0.24601464],[0.0004279],,0.003059999999998763,0.010068726132824668,0.0,6.951399087905884,283.0
08:08:2023 09:47:24,0.56,29271.99,29272.0,29268.0,29268.01,8.55013,0,0.9169459999998962,50.906643999999865,[0.24601464],[0.0004279],SELL,0.010301999999996042,0.014684155486903334,0.0,45.95314359664917,104.0
08:08:2023 09:49:48,0.56,29259.58,29262.0,29259.57,29262.0,3.39617,0,0.9164529999998947,50.91694599999986,[0.24601464],[0.00042807],,-0.0004930000000014842,0.0,-0.0005046155655306684,22.160361766815186,32.0
08:08:2023 09:50:34,0.56,29261.99,29262.0,29261.71,29261.72,6.98131,0,0.9568279999998948,50.91645299999986,[0.24601464],[0.00042807],SELL,0.040375,0.05328341043503974,0.0,36.230144739151,187.0
08:08:2023 09:54:47,0.56,29241.05,29241.06,29231.13,29237.96,63.38923,0,0.9644609999998913,50.95682799999986,[1.08832973],[0.00189677],SELL,0.007632999999996537,0.011627336417924425,0.00782651384594082,23.134592533111572,9.0
08:08:2023 09:55:02,0.56,29231.29,29233.47,29231.29,29233.46,6.48726,0,0.9636109999998913,50.96446099999986,[0.32346683],[0.00056392],,-0.00085,1.7433599572812494e-05,-0.00031380683180316435,8.787665128707886,4.0
08:08:2023 09:55:10,0.56,29231.29,29233.47,29231.29,29232.96,8.50277,0,0.9691359999998913,50.96361099999986,[0.32346683],[0.00056392],,0.0055249999999999995,0.00822733691319074,0.0,0.584038496017456,38.0
08:08:2023 09:56:04,0.56,29237.67,29237.68,29236.21,29236.22,0.79891,0,0.9843339999998952,50.96913599999986,[0.15932401],[0.00027776],SELL,0.015198000000003957,0.024226723161362162,1.743356475082907e-05,6.462307929992676,157.0
08:08:2023 09:59:41,0.56,29228.0,29228.01,29222.33,29227.27,16.86421,0,0.9831099999998932,50.98433399999986,[0.24601464],[0.00042915],SELL,-0.001224000000001979,0.005704858068027026,-1.744409127083969e-05,29.6697998046875,17.0
08:08:2023 10:00:07,0.56,29224.0,29228.0,29224.0,29228.0,5.43498,0,0.9831099999998932,50.98310999999986,[0.24601464],[0.00042913],,0.0,0.0068891498685526124,-1.7443248746095416e-05,3.821211576461792,41.0
08:08:2023 10:01:05,0.56,29231.94,29231.95,29228.0,29228.01,5.16114,0,0.9797439999998878,50.98310999999986,[0.24601464],[0.00042913],SELL,-0.0033660000000054423,1.7443242778102826e-05,0.0,5.388437747955322,35.0
08:08:2023 10:01:55,0.56,29231.94,29231.95,29228.0,29229.99,17.34047,0,0.9797439999998878,50.979743999999855,[0.24601464],[0.00042907],SELL,-0.0,0.005180474768897374,-1.7440897705042584e-05,15.75232744216919,24.0
08:08:2023 10:02:29,0.56,29230.0,29230.0,29227.02,29229.99,7.30863,0,0.9797439999998878,50.979743999999855,[0.24601464],[0.00042907],SELL,-0.0,0.0,-1.7440897705042584e-05,41.605464696884155,60.0
08:08:2023 10:03:53,0.56,29230.0,29230.0,29229.99,29229.99,10.792,0,0.9797439999998878,50.979743999999855,[0.24601464],[0.00042907],SELL,-0.0,0.0,-1.7440897705042584e-05,17.151286602020264,60.0
08:08:2023 10:05:37,0.56,29229.99,29230.0,29229.99,29229.99,2.1836,0,0.9710909999998876,50.979743999999855,[0.24601464],[0.00042907],,-0.008653000000000247,1.7440897705042584e-05,-0.0034709761379526933,33.25303268432617,36.0
08:08:2023 10:06:28,0.56,29230.0,29230.0,29224.9,29224.9,21.94876,0,0.9776869999998893,50.97109099999985,[0.24601464],[0.00042907],SELL,0.0065960000000017316,0.00905347665292085,-1.7440974494648864e-05,42.103097915649414,32.0
08:08:2023 10:07:13,0.56,29219.71,29221.04,29219.71,29221.03,8.41636,0,0.9952479999998922,50.977686999999854,[0.24601464],[0.00042919],,0.017561000000002967,0.021030650718759633,0.0,57.0631320476532,233.0
08:08:2023 10:12:29,0.56,29232.92,29232.93,29231.36,29231.36,16.67789,0,1.0065019999998905,50.995247999999854,[0.24601464],[0.00042918],SELL,0.011253999999998267,0.012843040832193698,0.0,41.77470064163208,291.0
08:08:2023 10:19:07,0.56,29224.73,29224.74,29224.4,29224.4,20.51137,0,1.0064849999998933,51.006501999999855,[0.24601464],[0.00042938],SELL,-1.699999999727879e-05,0.0,-1.7453389817565245e-05,3.822553873062134,60.0
08:08:2023 10:20:29,0.56,29224.41,29224.41,29224.4,29224.41,2.66895,0,1.0068249999998946,51.006484999999856,[0.24601464],[0.00042938],,0.0003400000000012369,0.0060905036848381555,-1.7453389972706092e-05,41.13469123840332,154.0
08:08:2023 10:23:59,0.56,29227.89,29227.9,29224.4,29224.4,4.18693,0,1.034738999999898,51.00682499999986,[0.24601464],[0.00042938],SELL,0.027914000000003214,0.03213468396904991,0.00031416504871694843,11.798624515533447,135.0
08:08:2023 10:27:03,0.56,29203.1,29207.98,29203.1,29207.97,6.36694,0,1.0350449999998985,51.03473899999986,[0.15932401],[0.00027838],,0.00030600000000049473,0.010516506946843668,0.0,7.730237245559692,3.0
08:08:2023 10:27:10,0.56,29203.1,29213.99,29203.1,29208.15,33.57434,0,1.0390569999998933,51.03504499999986,[0.15932401],[0.00027838],,0.0040119999999948044,0.00831573486516467,0.0,0.6980869770050049,59.0
08:08:2023 10:28:32,0.56,29208.16,29212.91,29208.15,29210.47,7.16055,0,1.0372379999998937,51.03905699999986,[0.24601464],[0.00042986],,-0.001818999999999505,1.7472858026239206e-05,-0.0018521907981046758,38.70200228691101,32.0
08:08:2023 10:29:18,0.56,29210.47,29210.48,29209.39,29209.41,1.86305,0,1.0532349999998936,51.03723799999986,[0.24601464],[0.00042986],SELL,0.01599699999999975,0.023057134424248456,1.7472881329924708e-05,52.49043273925781,63.0
08:08:2023 10:30:44,0.56,29207.92,29207.92,29196.22,29200.0,43.8041,0,1.0532519999998908,51.05323499999986,[0.24601464],[0.00043013],SELL,1.699999999727879e-05,0.0034970364408521033,0.0,26.802960634231567,108.0
08:08:2023 10:33:10,0.56,29198.01,29200.0,29198.0,29200.0,5.93714,0,1.0521639999998917,51.05325199999986,[0.24601464],[0.00043013],,-0.0010879999999990103,0.006625572402761561,-0.0011189999123258246,0.5836563110351562,12.0
08:08:2023 10:33:29,0.56,29198.01,29203.79,29198.0,29199.37,28.26675,0,1.0596779999998949,51.05216399999986,[0.24601464],[0.00043013],,0.007514000000003215,0.014175582763046611,-1.7484001016401692e-05,41.61193799972534,92.0
08:08:2023 10:35:35,0.56,29207.48,29207.48,29203.48,29203.49,3.21601,0,1.0622109999998977,51.05967799999986,[0.24601464],[0.00043013],SELL,0.002533000000002721,0.0069596208443279675,0.0,35.622618198394775,38.0
08:08:2023 10:36:28,0.56,29200.0,29202.0,29199.51,29202.0,4.34625,0,1.057739999999896,51.06221099999986,[0.24601464],[0.00043018],,-0.004471000000001731,0.0,-0.004599195630934903,42.09833383560181,16.0
08:08:2023 10:36:53,0.56,29200.0,29202.0,29199.36,29199.36,8.28282,0,1.0675829999998974,51.05773999999986,[0.24601464],[0.00043018],SELL,0.009843000000001484,0.016004623502197245,-1.748590465884264e-05,17.866458654403687,180.0
08:08:2023 10:40:59,0.56,29195.0,29195.01,29190.21,29193.58,15.34462,0,1.0675829999998974,51.067582999999864,[0.24601464],[0.00043035],SELL,-0.0,1.7492750290698844e-05,0.0,11.560803174972534,60.0
08:08:2023 10:42:37,0.56,29193.57,29193.58,29193.57,29193.58,2.42853,0,1.0719689999998943,51.067582999999864,[0.24601464],[0.00043035],,0.004385999999996784,0.011227872700681847,-1.7492750290698844e-05,33.02453947067261,63.0
08:08:2023 10:44:06,0.56,29200.0,29200.0,29196.16,29196.17,1.68202,0,1.0825429999998901,51.07196899999986,[0.24601464],[0.00043035],SELL,0.010573999999995793,0.01875905657373356,0.0,4.186283349990845,37.0
08:08:2023 10:45:00,0.56,29189.94,29189.95,29189.94,29189.95,0.01974,0,1.106050999999886,51.08254299999986,[0.15932401],[0.00027882],,0.02350799999999581,0.02436593438919804,-1.7500050705964708e-05,10.67569613456726,87.0
08:08:2023 10:47:02,0.56,29203.01,29203.01,29203.0,29203.01,0.03526,0,1.104898999999887,51.10605099999985,[0.24601464],[0.00043053],,-0.0011519999999989523,0.0,-0.0011200417171609756,8.445915222167969,6.0
08:08:2023 10:47:13,0.56,29203.01,29203.01,29202.37,29202.37,0.89248,0,1.110352999999885,51.104898999999854,[0.24601464],[0.00043053],SELL,0.005453999999997904,0.011150096130632519,-1.7500251352941538e-05,57.40279197692871,73.0
08:08:2023 10:48:55,0.56,29200.01,29200.01,29196.0,29199.35,12.29151,0,1.110352999999885,51.110352999999854,[0.24601464],[0.00043062],SELL,-0.0,1.7503941182170064e-05,0.0,15.888179063796997,61.0
08:08:2023 10:50:26,0.56,29199.34,29199.35,29199.34,29199.35,2.47626,0,1.1103349999998877,51.110352999999854,[0.24601464],[0.00043062],,-1.799999999711872e-05,0.0,-1.7503941182170064e-05,44.22487425804138,60.0
08:08:2023 10:51:53,0.56,29199.34,29199.35,29197.33,29197.33,13.4862,0,1.116346999999888,51.11033499999986,[0.24601464],[0.00043065],SELL,0.006012000000000262,0.007195625451732599,1.7505146023817393e-05,16.964069843292236,54.0
08:08:2023 10:53:08,0.56,29193.23,29194.0,29193.22,29194.0,3.58704,0,1.1153389999998857,51.116346999999855,[0.24601464],[0.00043075],,-0.0010080000000023575,0.0,-0.0009805337884150297,2.1267685890197754,4.0
08:08:2023 10:53:17,0.56,29193.23,29194.0,29193.22,29193.44,6.12296,0,1.1209189999998896,51.11533899999985,[0.24601464],[0.00043075],,0.005580000000003929,0.007982942182343526,0.0,53.78350114822388,209.0
08:08:2023 10:58:46,0.584,29196.55,29196.55,29194.0,29194.0,4.79245,0,1.1292889999998923,51.12091899999985,[0.24601464],[0.00043079],SELL,0.008370000000002618,0.011191826682964768,-1.7510756142036287e-05,24.733638525009155,56.0
08:08:2023 11:00:03,0.584,29187.62,29189.35,29187.61,29189.34,6.18079,0,1.123276999999892,51.12928899999985,[0.3309898],[0.00057978],,-0.006012000000000262,1.751641917062748e-05,-0.005833635100176036,7.766192674636841,14.0
08:08:2023 11:00:25,0.584,29187.62,29189.35,29186.0,29186.0,9.62953,0,1.1160769999998919,51.12327699999985,[0.3309898],[0.00057977],SELL,-0.0072,0.0,-1.7516363830416183e-05,45.87592840194702,57.0
08:08:2023 11:01:43,0.584,29186.0,29190.0,29186.0,29190.0,10.12019,0,1.1205049999998902,51.116076999999855,[0.3309898],[0.00057961],,0.004427999999998428,0.01678801580535912,-1.7511508908299608e-05,27.357662200927734,205.0
08:08:2023 11:06:20,0.584,29199.5,29199.5,29192.46,29192.46,6.98916,0,1.1204869999998865,51.12050499999985,[0.27767988],[0.00048626],SELL,-1.800000000366708e-05,0.0,-1.7511538081708902e-05,50.35580015182495,60.0
08:08:2023 11:07:43,0.584,29192.46,29192.47,29192.46,29192.46,2.87687,0,1.1201269999998853,51.12048699999985,[0.3309898],[0.00057961],,-0.0003600000000013097,1.7511531915735276e-05,-0.0003502331576944425,27.30805230140686,15.0
08:08:2023 11:08:06,0.584,29192.47,29192.47,29192.25,29192.25,0.59879,0,1.123582999999882,51.12012699999985,[0.3309898],[0.00057961],SELL,0.0034559999999968566,0.0073559053585298285,0.0,4.344071865081787,107.0
08:08:2023 11:10:31,0.584,29188.06,29190.34,29188.05,29190.33,5.41201,0,1.1196949999998758,51.12358299999985,[0.3309898],[0.00057969],,-0.003888000000006286,1.7513870339234296e-05,-0.002697279257552108,39.85782337188721,23.0
08:08:2023 11:11:04,0.584,29190.33,29190.34,29188.07,29188.07,1.27732,0,1.1129989999998737,51.119694999999844,[0.3309898],[0.00057969],SELL,-0.006696000000002095,0.0017689651492790988,0.00010508361824142656,6.078212261199951,123.0
08:08:2023 11:13:50,0.584,29187.07,29191.8,29187.06,29191.79,16.1009,0,1.110532999999869,51.11299899999984,[0.3309898],[0.00057954],,-0.002466000000004715,1.750936872403145e-05,-0.002101211342423603,20.004146814346313,33.0
08:08:2023 11:14:37,0.584,29191.79,29191.8,29190.41,29190.41,1.69942,0,1.1042869999998668,51.11053299999983,[0.3309898],[0.00057954],SELL,-0.006246000000002095,0.004220103622378791,-1.7509351695459852e-05,33.34232020378113,66.0
08:08:2023 11:16:07,0.584,29188.0,29193.89,29188.0,29193.89,13.6785,0,1.1192629999998662,51.10428699999983,[0.3309898],[0.0005794],,0.014975999999999476,0.015942199588056986,0.0,3.4046807289123535,132.0
08:08:2023 11:19:07,0.584,29202.99,29203.0,29202.12,29202.12,2.18191,0,1.1194969999998614,51.119262999999826,[0.2136403],[0.00037398],SELL,0.00023399999999528518,0.008614071690432983,-1.7505319992210907e-05,3.3851125240325928,431.0
08:08:2023 11:28:44,0.584,29197.21,29202.0,29197.2,29201.99,15.10213,0,1.111540999999858,51.11949699999982,[0.2136403],[0.00037399],,-0.007956000000003405,0.0035183601208710383,-0.007633530766710482,26.694443941116333,131.0
08:08:2023 11:31:41,0.584,29204.0,29204.0,29197.56,29197.57,12.64728,0,1.1080489999998604,51.11154099999982,[0.2136403],[0.00037399],SELL,-0.0034919999999976424,0.004761914910337234,1.7505415175726442e-05,29.700747966766357,62.0
08:08:2023 11:33:07,0.584,29194.86,29199.51,29194.85,29199.5,4.07328,0,1.1080489999998604,51.10804899999982,[0.3309898],[0.00057933],,0.0,1.7503050219616322e-05,0.0,3.9156532287597656,60.0
08:08:2023 11:34:32,0.584,29199.5,29199.51,29199.5,29199.51,2.3928,0,1.1097949999998624,51.10804899999982,[0.2136403],[0.00037394],,0.0017460000000020955,0.007105250451916194,-1.7503056213914245e-05,38.19626498222351,50.0
08:08:2023 11:35:42,0.584,29203.57,29203.57,29200.47,29200.47,6.22674,0,1.134112999999866,51.10979499999983,[0.2136403],[0.00037394],SELL,0.024318000000003667,0.02844080761425191,-1.7503066727608117e-05,28.702890634536743,432.0
08:08:2023 11:45:20,0.584,29184.24,29186.97,29184.23,29186.96,9.71351,0,1.1339689999998694,51.13411299999983,[0.3309898],[0.00057988],,-0.00014399999999659485,1.751950031483817e-05,-0.00015767604302919177,50.831868171691895,46.0
08:08:2023 11:46:24,0.584,29186.96,29186.97,29186.87,29186.87,3.2971,0,1.1283709999998683,51.13396899999983,[0.3309898],[0.00057988],SELL,-0.0055980000000010475,0.0015067223419723908,0.001489201804491515,46.02709722518921,187.0
08:08:2023 11:50:35,0.584,29186.02,29189.99,29186.01,29189.98,10.76436,0,1.1283709999998683,51.12837099999983,[0.3309898],[0.00057975],,0.0,1.7515720632455182e-05,0.0,35.47771716117859,60.0
08:08:2023 11:52:00,0.584,29188.91,29188.92,29188.88,29188.88,0.0266,0,1.12635499999987,51.12837099999983,[0.3309898],[0.00057977],SELL,-0.0020159999999981664,0.0005079802618093095,-1.7516380716024373e-05,10.526848316192627,116.0
08:08:2023 11:54:36,0.584,29188.59,29190.0,29188.59,29189.99,2.52064,0,1.1239789999998642,51.12635499999983,[0.3309898],[0.00057973],,-0.0023760000000060243,1.7515023978011645e-05,-0.0020318242217996526,34.499216079711914,32.0
08:08:2023 11:55:21,0.584,29190.0,29190.0,29188.67,29188.67,4.22435,0,1.1345449999998622,51.12397899999983,[0.3309898],[0.00057973],SELL,0.010565999999998165,0.011685180588373298,-1.751500205230766e-05,49.015249252319336,164.0
08:08:2023 11:59:02,0.584,29182.8,29182.81,29182.8,29182.81,0.3584,0,1.1330869999998598,51.134544999999825,[0.3309898],[0.00057997],,-0.0014580000000023574,-1.7522151750489093e-05,-0.0014018100877954839,8.129964351654053,2.0
08:08:2023 11:59:09,0.584,29182.8,29182.81,29182.0,29182.0,16.53949,0,1.1330869999998598,51.133086999999826,[0.3309898],[0.00057996],SELL,-0.0,0.0,-1.7522126471690914e-05,1.8579623699188232,60.0
08:08:2023 12:00:32,0.584,29182.01,29182.01,29182.0,29182.01,0.94075,0,1.1329609999998604,51.133086999999826,[0.3309898],[0.00057996],,-0.00012599999999947614,0.0,-0.00012265517953861555,38.47801113128662,24.0
08:08:2023 12:01:07,0.584,29182.01,29182.01,29181.94,29181.94,8.0681,0,1.1327449999998558,51.132960999999824,[0.3309898],[0.00057996],SELL,-0.0002160000000047148,0.0025583582949956648,-1.7522119327329728e-05,3.2115049362182617,83.0
08:08:2023 12:03:05,0.584,29182.06,29182.06,29182.0,29182.0,18.69785,0,1.1318449999998559,51.13274499999982,[0.3309898],[0.00057996],,-0.0009,1.7522009276199603e-05,-0.0008585931656751746,5.1292641162872314,15.0
08:08:2023 12:03:29,0.584,29182.06,29182.06,29181.5,29181.5,21.70364,0,1.1318269999998587,51.13184499999982,[0.3309898],[0.00057996],SELL,-1.799999999711872e-05,0.0,-1.7522001086240943e-05,41.81999588012695,60.0
08:08:2023 12:05:03,0.584,29181.5,29181.51,29181.5,29181.51,0.10506,0,1.1318089999998615,51.131826999999824,[0.3309898],[0.00057996],,-1.799999999711872e-05,0.0,-1.7522000922438906e-05,7.623761177062988,60.0
08:08:2023 12:06:26,0.584,29181.51,29181.51,29181.5,29181.51,2.97353,0,1.1318089999998615,51.131808999999826,[0.3309898],[0.00057996],,0.0,0.0,-1.7521994754147354e-05,44.02358841896057,60.0
08:08:2023 12:08:01,0.584,29181.51,29181.51,29181.5,29181.51,0.41518,0,1.1317909999998643,51.131808999999826,[0.3309898],[0.00057996],,-1.799999999711872e-05,0.0,-1.7521994754147354e-05,9.185267925262451,60.0
08:08:2023 12:09:27,0.584,29181.5,29181.51,29181.5,29181.51,2.69852,0,1.1291809999998697,51.13179099999983,[0.3309898],[0.00057996],,-0.002609999999994761,0.0,-0.0015595040129363284,43.59565734863281,5.0
08:08:2023 12:09:37,0.584,29181.5,29181.51,29180.06,29180.06,3.80482,0,1.1401069999998692,51.12918099999983,[0.3309898],[0.00057996],SELL,0.010925999999999476,0.015055794747059575,-1.7521952823216506e-05,33.76921057701111,107.0
08:08:2023 12:12:05,0.584,29171.48,29174.0,29171.47,29174.0,4.00426,0,1.1400529999998712,51.14010699999983,[0.3309898],[0.0005802],,-5.399999999790452e-05,0.0017704024118558304,-5.258808485579645e-05,5.180608034133911,60.0
08:08:2023 12:13:30,0.584,29173.98,29173.98,29173.97,29173.97,10.42757,0,1.137388999999872,51.14005299999983,[0.3309898],[0.0005802],SELL,-0.0026639999999992143,0.0017179333328526665,-1.7529337098268317e-05,40.05474877357483,79.0
08:08:2023 12:15:18,0.584,29172.99,29175.45,29172.99,29175.45,10.2156,0,1.137388999999872,51.137388999999835,[0.3309898],[0.00058014],,0.0,0.0,-1.752754680320773e-05,52.26614761352539,60.0
08:08:2023 12:16:43,0.584,29175.45,29178.0,29175.44,29177.99,3.73752,0,1.1471089999998683,51.137388999999835,[0.3309898],[0.00058009],,0.00971999999999607,0.010530965867938499,0.0,27.579118967056274,368.0
08:08:2023 12:25:05,0.584,29183.4,29185.87,29183.39,29185.87,20.0115,0,1.147090999999871,51.14710899999983,[0.3309898],[0.00058005],,-1.799999999711872e-05,0.0,-1.7524619453328652e-05,5.8127617835998535,60.0
08:08:2023 12:26:31,0.584,29185.87,29185.87,29185.86,29185.87,2.81646,0,1.1459569999998758,51.14709099999983,[0.3309898],[0.00058005],,-0.001133999999995285,0.004398298172426965,-0.0011040740912141179,39.168728828430176,21.0
08:08:2023 12:27:04,0.584,29185.24,29188.9,29185.23,29188.89,15.04493,0,1.1454169999998771,51.14595699999984,[0.3309898],[0.00057997],,-0.0005399999999986903,0.004520381092835986,-0.000525677571268867,5.935165882110596,74.0
08:08:2023 12:28:47,0.584,29191.47,29191.47,29186.01,29186.01,7.38542,0,1.1383429999998766,51.14541699999984,[0.3309898],[0.00058002],SELL,-0.0070740000000005234,0.0,-1.752394365878579e-05,23.31376004219055,55.0
